ORDER ID,Client ID,Product ID,Date,Price,Quantity,Total,
190001,NT036,FOL001,03/01/2019,66.67,14,933,
190002,NT046,FOL001,03/01/2019,66.67,1,67,
190123,NT036,FOL001,20/01/2019,66.67,1,67,
190577,NT046,FOL001,05/05/2019,66.67,20,1333,
190388,KH014,FOL002,08/03/2019,121.33,1,121,
190810,KH014,FOL002,29/06/2019,121.33,2,243,
191290,KH014,FOL002,01/12/2019,121.33,3,364,
190488,NT046,FOL002,31/03/2019,121.33,1,121,
190516,NT046,FOL002,05/04/2019,121.33,2,243,
190317,NT046,FOL002,23/02/2019,121.33,1.6,194,
190412,NT046,FOL002,11/03/2019,121.33,2.4,291,
190754,NT008,FOL002,13/06/2019,121.33,1,121,
190137,KH019,FOL005,22/01/2019,121.33,1,121,
190817,KH004,FOL005,30/06/2019,150.00,1,150,
191178,KH009,FOL005,25/10/2019,150.00,1,150,
191454,KH004,FOL005,27/12/2019,150.00,2,300,
191471,KH014,FOL005,29/12/2019,150.00,1,150,
190144,NT046,FOL007,24/01/2019,75.60,1,76,
190174,NT046,FOL007,28/01/2019,75.60,1,76,
190202,KH009,FOL007,31/01/2019,75.60,1,76,
190288,NT008,FOL007,18/02/2019,75.60,1,76,
190383,NT021,FOL007,08/03/2019,75.60,2,151,
190393,NT013,FOL007,10/03/2019,75.60,2,151,
190458,NT008,FOL007,22/03/2019,75.60,1,76,
190529,NT008,FOL007,10/04/2019,75.60,2,151,
190791,KH026,FOL007,25/06/2019,75.60,2,151,
190881,NT021,FOL007,21/07/2019,75.60,3,227,
190917,NT008,FOL007,30/07/2019,75.60,1,76,
191025,NT036,FOL007,18/09/2019,75.60,1,76,
191094,NT008,FOL007,07/10/2019,75.60,1,76,
191257,NT021,FOL007,26/11/2019,75.60,2,151,
191307,NT008,FOL007,07/12/2019,75.60,1,76,
191362,NT036,FOL007,15/12/2019,75.60,2,151,
191393,NT013,FOL007,19/12/2019,75.60,1,76,
191433,NT036,FOL007,25/12/2019,75.60,6,454,
190088,NT024,FOL008,17/01/2019,86.67,25,2167,
190163,KH023,FOL008,26/01/2019,86.67,7,607,
190400,NT046,FOL008,11/03/2019,86.67,3,260,
190459,NT038,FOL008,22/03/2019,86.67,2,173,
190460,NT038,FOL008,22/03/2019,86.67,3,260,
190517,NT024,FOL008,06/04/2019,86.67,10,867,
190575,NT024,FOL008,02/05/2019,86.67,5,433,
190617,NT024,FOL008,17/05/2019,86.67,10,867,
190727,NT024,FOL008,10/06/2019,86.67,10,867,
190800,NT024,FOL008,28/06/2019,86.67,10,867,
190832,NT024,FOL008,08/07/2019,86.67,10,867,
190893,NT024,FOL008,25/07/2019,86.67,10,867,
190986,NT024,FOL008,07/09/2019,86.67,8,693,
191013,NT024,FOL008,09/09/2019,86.67,2,173,
191049,NT038,FOL008,29/09/2019,86.67,3,260,
191050,NT038,FOL008,29/09/2019,86.67,1,87,
191064,NT024,FOL008,02/10/2019,86.67,20,1733,
191190,NT024,FOL008,29/10/2019,86.67,10,867,
191249,NT024,FOL008,21/11/2019,86.67,10,867,
191448,NT024,FOL008,27/12/2019,86.67,25,2167,
190094,NT036,FOL008,17/01/2019,86.67,2,173,
190009,NT031,FOL013,03/01/2019,133.33,1,133,
190078,NT024,FOL013,15/01/2019,133.33,10,1333,
190348,NT034,FOL013,02/03/2019,133.33,2,267,
190476,NT046,FOL013,29/03/2019,133.33,2,267,
190519,NT024,FOL013,07/04/2019,133.33,5,667,
190613,NT041,FOL013,14/05/2019,133.33,2,267,
190702,NT024,FOL013,04/06/2019,133.33,10,1333,
190027,NT042,FOL013,07/01/2019,196.00,2,392,
190045,KH016,FOL013,09/01/2019,196.00,5,980,
190159,NT024,FOL013,25/01/2019,196.00,5,980,
190172,NT024,FOL013,27/01/2019,196.00,5,980,
190219,NT012,FOL013,31/01/2019,196.00,1,196,
190377,NT035,FOL013,07/03/2019,196.00,1,196,
190399,NT024,FOL013,10/03/2019,196.00,3,588,
190543,NT024,FOL013,14/04/2019,196.00,3,588,
190554,NT014,FOL013,21/04/2019,196.00,2,392,
190605,NT024,FOL013,12/05/2019,196.00,2,392,
190616,NT041,FOL013,14/05/2019,196.00,2,392,
190661,NT024,FOL013,28/05/2019,196.00,3,588,
190722,NT024,FOL013,09/06/2019,196.00,2,392,
190734,NT024,FOL013,11/06/2019,196.00,5,980,
190751,KH019,FOL013,13/06/2019,196.00,3,588,
190798,NT014,FOL013,27/06/2019,196.00,1,196,
190874,NT024,FOL013,17/07/2019,196.00,5,980,
190890,KH022,FOL013,21/07/2019,196.00,2,392,
190961,KH016,FOL013,20/08/2019,196.00,5,980,
191024,NT024,FOL013,11/09/2019,196.00,5,980,
191078,NT024,FOL013,04/10/2019,196.00,9,1764,
191160,KH016,FOL013,22/10/2019,196.00,5,980,
191171,NT042,FOL013,24/10/2019,196.00,1,196,
191199,NT024,FOL013,31/10/2019,196.00,2,392,
191220,NT024,FOL013,08/11/2019,196.00,5,980,
191221,NT024,FOL013,08/11/2019,196.00,5,980,
191256,NT024,FOL013,25/11/2019,196.00,5,980,
191398,KH016,FOL013,19/12/2019,196.00,4,784,
191457,NT013,FOL013,27/12/2019,196.00,2,392,
190021,NT035,FOL017,06/01/2019,146.67,1,147,
190043,NT036,FOL017,09/01/2019,146.67,1,147,
190059,KH014,FOL017,10/01/2019,146.67,5,733,
190101,NT035,FOL017,18/01/2019,146.67,1,147,
190293,NT034,FOL017,18/02/2019,146.67,2,293,
190390,KH014,FOL017,08/03/2019,146.67,5,733,
190418,NT036,FOL017,13/03/2019,146.67,1,147,
190427,KH014,FOL017,14/03/2019,146.67,5,733,
190428,NT027,FOL017,14/03/2019,146.67,1,147,
190434,NT046,FOL017,15/03/2019,146.67,2,293,
190471,NT021,FOL017,27/03/2019,146.67,1,147,
190532,KH014,FOL017,10/04/2019,146.67,10,1467,
190681,KH024,FOL017,31/05/2019,146.67,1,147,
190872,KH021,FOL017,16/07/2019,146.67,10,1467,
190934,KH014,FOL017,06/08/2019,146.67,5,733,
191017,NT036,FOL017,09/09/2019,146.67,1,147,
191046,KH014,FOL017,24/09/2019,146.67,5,733,
191177,KH019,FOL017,25/10/2019,146.67,2,293,
191193,NT036,FOL017,29/10/2019,146.67,1,147,
191211,KH014,FOL017,04/11/2019,146.67,5,733,
191239,KH014,FOL017,18/11/2019,146.67,5,733,
191260,NT021,FOL017,26/11/2019,146.67,2,293,
191300,KH021,FOL017,05/12/2019,146.67,10,1467,
191319,KH014,FOL017,09/12/2019,146.67,10,1467,
191325,NT046,FOL017,10/12/2019,146.67,5,733,
191374,NT036,FOL017,15/12/2019,146.67,2,293,
191375,KH014,FOL017,15/12/2019,146.67,10,1467,
191437,NT036,FOL017,25/12/2019,146.67,13,1907,
191453,NT027,FOL017,27/12/2019,146.67,2,293,
190018,NT017,FOL026,06/01/2019,121.33,1,121,
190042,NT036,FOL026,09/01/2019,121.33,2,243,
190347,KH014,FOL026,02/03/2019,121.33,5,607,
190551,NT036,FOL026,20/04/2019,121.33,1,121,
190601,NT036,FOL026,12/05/2019,121.33,2,243,
190679,KH001,FOL026,31/05/2019,121.33,1,121,
191028,NT036,FOL026,18/09/2019,121.33,2,243,
191082,KH014,FOL026,05/10/2019,121.33,5,607,
191191,NT036,FOL026,29/10/2019,121.33,1,121,
191337,NT014,FOL026,11/12/2019,121.33,1,121,
191338,KH014,FOL026,12/12/2019,121.33,6,728,
191369,KH014,FOL026,15/12/2019,121.33,2,243,
190008,NT015,FOL027,03/01/2019,114.67,5,573,
190073,NT027,FOL027,14/01/2019,114.67,2,229,
190077,NT027,FOL027,15/01/2019,114.67,1,115,
190112,KH009,FOL027,19/01/2019,114.67,1,115,
190136,KH019,FOL027,22/01/2019,114.67,4,459,
190147,NT046,FOL027,24/01/2019,114.67,2,229,
190178,NT046,FOL027,28/01/2019,114.67,2,229,
190189,KH026,FOL027,30/01/2019,114.67,1,115,
190250,NT017,FOL027,14/02/2019,114.67,1,115,
190292,KH026,FOL027,18/02/2019,114.67,1,115,
190325,NT042,FOL027,25/02/2019,114.67,1,115,
190346,KH014,FOL027,02/03/2019,114.67,5,573,
190376,KH019,FOL027,07/03/2019,114.67,1,115,
190387,NT031,FOL027,08/03/2019,114.67,1,115,
190748,KH026,FOL027,13/06/2019,114.67,2,229,
190871,KH021,FOL027,16/07/2019,114.67,10,1147,
190888,KH014,FOL027,21/07/2019,114.67,5,573,
190926,NT027,FOL027,03/08/2019,114.67,1,115,
191175,KH009,FOL027,25/10/2019,114.67,1,115,
191209,KH014,FOL027,04/11/2019,114.67,2,229,
191217,NT031,FOL027,08/11/2019,114.67,1,115,
191238,KH014,FOL027,18/11/2019,114.67,5,573,
191289,KH021,FOL027,01/12/2019,114.67,20,2293,
191318,KH014,FOL027,09/12/2019,114.67,5,573,
191335,NT014,FOL027,11/12/2019,114.67,1,115,
191336,KH009,FOL027,11/12/2019,114.67,1,115,
191360,NT017,FOL027,13/12/2019,114.67,1,115,
191424,NT027,FOL027,24/12/2019,114.67,3,344,
191450,NT027,FOL027,27/12/2019,114.67,1,115,
190015,NT017,FOL031,06/01/2019,93.33,1,93,
190323,NT042,FOL031,25/02/2019,93.33,1,93,
190342,NT041,FOL031,02/03/2019,93.33,1,93,
190426,NT046,FOL031,14/03/2019,93.33,1,93,
190611,NT027,FOL031,14/05/2019,93.33,1,93,
190642,KH013,FOL031,25/05/2019,93.33,1,93,
190794,KH026,FOL031,25/06/2019,93.33,1,93,
190884,KH004,FOL031,21/07/2019,93.33,2,187,
190885,KH026,FOL031,21/07/2019,93.33,2,187,
190924,NT036,FOL031,03/08/2019,93.33,1,93,
190968,NT014,FOL031,22/08/2019,93.33,1,93,
191014,NT042,FOL031,09/09/2019,93.33,1,93,
191169,NT042,FOL031,24/10/2019,93.33,1,93,
191215,NT012,FOL031,08/11/2019,93.33,1,93,
191310,NT027,FOL031,07/12/2019,93.33,2,187,
191436,NT042,FOL031,25/12/2019,93.33,3,280,
191477,KH026,FOL031,31/12/2019,93.33,2,187,
190535,KH014,FOL038,10/04/2019,186.67,5,933,
190750,KH019,FOL038,13/06/2019,186.67,1,187,
190950,KH014,FOL038,17/08/2019,186.67,2,373,
191085,KH014,FOL038,05/10/2019,186.67,5,933,
191270,KH014,FOL038,27/11/2019,186.67,5,933,
191271,KH014,FOL038,27/11/2019,186.67,5,933,
191292,KH019,FOL038,01/12/2019,186.67,1,187,
191342,KH014,FOL038,12/12/2019,186.67,5,933,
191343,KH014,FOL038,12/12/2019,186.67,5,933,
190022,KH021,FOL041,06/01/2019,186.67,30,5600,
190023,KH021,FOL041,06/01/2019,186.67,3,560,
190102,KH021,FOL041,18/01/2019,186.67,30,5600,
190370,NT046,FOL041,06/03/2019,186.67,2,373,
190558,KH021,FOL041,24/04/2019,186.67,10,1867,
190787,KH021,FOL041,24/06/2019,186.67,30,5600,
190947,KH021,FOL041,15/08/2019,186.67,30,5600,
191035,KH021,FOL041,19/09/2019,186.67,30,5600,
191272,KH014,FOL041,27/11/2019,186.67,5,933,
191304,KH021,FOL041,06/12/2019,186.67,7,1307,
191344,KH021,FOL041,12/12/2019,186.67,40,7467,
191420,KH021,FOL041,23/12/2019,186.67,3,560,
190298,KH021,FOL045,21/02/2019,104.00,20,2080,
190557,KH021,FOL045,24/04/2019,104.00,20,2080,
190612,NT041,FOL045,14/05/2019,104.00,1,104,
190678,KH024,FOL045,31/05/2019,104.00,1,104,
190870,KH021,FOL045,16/07/2019,104.00,10,1040,
191037,KH014,FOL045,21/09/2019,104.00,5,520,
191208,KH021,FOL045,04/11/2019,104.00,3,312,
191288,KH021,FOL045,01/12/2019,104.00,10,1040,
191407,KH011,FOL045,21/12/2019,104.00,1,104,
190091,NT027,FOL048,17/01/2019,133.33,2,267,
190100,KH014,FOL048,18/01/2019,133.33,2,267,
190113,NT027,FOL048,19/01/2019,133.33,2,267,
190211,NT036,FOL048,31/01/2019,133.33,2,267,
190212,NT012,FOL048,31/01/2019,133.33,1,133,
190452,NT046,FOL048,19/03/2019,133.33,1,133,
190477,NT046,FOL048,29/03/2019,133.33,2,267,
190531,NT014,FOL048,10/04/2019,133.33,1,133,
190592,NT015,FOL048,08/05/2019,133.33,2,267,
190614,NT036,FOL048,14/05/2019,133.33,1,133,
190615,NT027,FOL048,14/05/2019,133.33,1,133,
190659,NT036,FOL048,28/05/2019,133.33,1,133,
190816,NT027,FOL048,30/06/2019,133.33,1,133,
190908,KH022,FOL048,29/07/2019,133.33,1,133,
190949,KH014,FOL048,17/08/2019,133.33,2,267,
191016,NT036,FOL048,09/09/2019,133.33,1,133,
191197,NT036,FOL048,31/10/2019,133.33,1,133,
191230,NT036,FOL048,12/11/2019,133.33,1,133,
191370,NT046,FOL048,15/12/2019,133.33,7,933,
191443,NT036,FOL048,26/12/2019,133.33,13,1733,
191470,KH014,FOL048,29/12/2019,133.33,3,400,
190035,KH016,FOL055,09/01/2019,26.00,4,104,
190084,NT020,FOL055,17/01/2019,26.00,5,130,
190085,NT023,FOL055,17/01/2019,26.00,5,130,
190095,NT015,FOL055,18/01/2019,26.00,5,130,
190143,NT046,FOL055,24/01/2019,26.00,10,260,
190162,NT002,FOL055,26/01/2019,26.00,3,78,
190169,KH016,FOL055,27/01/2019,26.00,5,130,
190173,NT046,FOL055,28/01/2019,26.00,4,104,
190200,KH001,FOL055,31/01/2019,26.00,10,260,
190201,NT024,FOL055,31/01/2019,26.00,30,780,
190244,NT017,FOL055,14/02/2019,26.00,5,130,
190245,NT015,FOL055,14/02/2019,26.00,20,520,
190328,NT024,FOL055,26/02/2019,26.00,10,260,
190330,NT035,FOL055,27/02/2019,26.00,10,260,
190331,NT016,FOL055,27/02/2019,26.00,25,650,
190336,KH021,FOL055,02/03/2019,26.00,30,780,
190372,NT027,FOL055,07/03/2019,26.00,5,130,
190378,NT046,FOL055,08/03/2019,26.00,10,260,
190379,NT008,FOL055,08/03/2019,26.00,1,26,
190380,NT007,FOL055,08/03/2019,26.00,2,52,
190381,NT046,FOL055,08/03/2019,26.00,10,260,
190435,NT010,FOL055,16/03/2019,26.00,10,260,
190457,NT017,FOL055,22/03/2019,26.00,5,130,
190465,NT020,FOL055,27/03/2019,26.00,1,26,
190474,KH016,FOL055,29/03/2019,26.00,10,260,
190478,KH019,FOL055,30/03/2019,26.00,10,260,
190479,NT014,FOL055,30/03/2019,26.00,3,78,
190480,NT020,FOL055,30/03/2019,26.00,3,78,
190481,NT024,FOL055,30/03/2019,26.00,20,520,
190545,NT016,FOL055,16/04/2019,26.00,30,780,
190553,KH016,FOL055,21/04/2019,26.00,10,260,
190555,NT024,FOL055,23/04/2019,26.00,20,520,
190574,NT024,FOL055,02/05/2019,26.00,20,520,
190576,NT034,FOL055,05/05/2019,26.00,5,130,
190629,KH019,FOL055,20/05/2019,26.00,10,260,
190630,NT046,FOL055,20/05/2019,26.00,10,260,
190631,NT023,FOL055,20/05/2019,26.00,5,130,
190632,NT024,FOL055,20/05/2019,26.00,20,520,
190657,NT024,FOL055,28/05/2019,26.00,20,520,
190699,NT016,FOL055,03/06/2019,26.00,25,650,
190704,NT014,FOL055,05/06/2019,26.00,2,52,
190719,NT024,FOL055,09/06/2019,26.00,10,260,
190726,NT024,FOL055,10/06/2019,26.00,10,260,
190728,NT046,FOL055,11/06/2019,26.00,20,520,
190795,NT014,FOL055,27/06/2019,26.00,3,78,
190796,NT024,FOL055,27/06/2019,26.00,20,520,
190799,NT017,FOL055,28/06/2019,26.00,5,130,
190809,KH016,FOL055,29/06/2019,26.00,5,130,
190826,KH016,FOL055,06/07/2019,26.00,15,390,
190866,NT024,FOL055,13/07/2019,26.00,17,442,
190891,KH019,FOL055,25/07/2019,26.00,10,260,
190892,NT024,FOL055,25/07/2019,26.00,10,260,
190894,NT016,FOL055,26/07/2019,26.00,15,390,
190895,NT016,FOL055,26/07/2019,26.00,15,390,
190916,NT024,FOL055,30/07/2019,26.00,10,260,
190938,NT014,FOL055,09/08/2019,26.00,2,52,
190945,NT024,FOL055,13/08/2019,26.00,10,260,
190952,NT024,FOL055,18/08/2019,26.00,20,520,
190960,KH016,FOL055,20/08/2019,26.00,5,130,
190969,NT035,FOL055,23/08/2019,26.00,10,260,
190981,KH021,FOL055,04/09/2019,26.00,20,520,
190982,NT024,FOL055,07/09/2019,26.00,20,520,
191021,KH016,FOL055,10/09/2019,26.00,5,130,
191033,KH016,FOL055,19/09/2019,26.00,5,130,
191034,NT027,FOL055,19/09/2019,26.00,5,130,
191062,NT024,FOL055,02/10/2019,26.00,50,1300,
191063,NT046,FOL055,02/10/2019,26.00,10,260,
191111,NT014,FOL055,13/10/2019,26.00,2,52,
191112,NT015,FOL055,13/10/2019,26.00,10,260,
191125,KH016,FOL055,16/10/2019,26.00,10,260,
191157,NT017,FOL055,22/10/2019,26.00,5,130,
191158,KH016,FOL055,22/10/2019,26.00,20,520,
191166,NT016,FOL055,24/10/2019,26.00,40,1040,
191172,KH019,FOL055,25/10/2019,26.00,10,260,
191173,NT023,FOL055,25/10/2019,26.00,5,130,
191207,KH016,FOL055,04/11/2019,26.00,5,130,
191227,KH016,FOL055,09/11/2019,26.00,20,520,
191240,NT024,FOL055,19/11/2019,26.00,10,260,
191241,KH016,FOL055,19/11/2019,26.00,7,182,
191298,KH021,FOL055,03/12/2019,26.00,25,650,
191306,NT014,FOL055,07/12/2019,26.00,3,78,
191321,NT046,FOL055,10/12/2019,26.00,10,260,
191356,NT010,FOL055,13/12/2019,26.00,10,260,
191357,NT017,FOL055,13/12/2019,26.00,10,260,
191361,NT017,FOL055,15/12/2019,26.00,11,286,
191388,NT024,FOL055,19/12/2019,26.00,14,364,
191389,NT027,FOL055,19/12/2019,26.00,5,130,
191405,NT035,FOL055,21/12/2019,26.00,5,130,
191418,NT024,FOL055,23/12/2019,26.00,10,260,
191468,KH016,FOL055,29/12/2019,26.00,10,260,
191474,NT024,FOL055,31/12/2019,26.00,25,650,
190337,KH013,FOL063,02/03/2019,33.33,2,67,
190338,KH014,FOL063,02/03/2019,33.33,5,167,
190443,NT010,FOL063,19/03/2019,33.33,2,67,
190586,NT046,FOL063,07/05/2019,33.33,2,67,
190641,KH023,FOL063,25/05/2019,33.33,1,33,
190700,KH023,FOL063,03/06/2019,33.33,5,167,
191194,NT024,FOL063,31/10/2019,33.33,3,100,
191242,NT024,FOL063,19/11/2019,33.33,1,33,
191299,KH021,FOL063,03/12/2019,33.33,8,267,
191301,KH021,FOL063,06/12/2019,33.33,10,333,
191302,KH021,FOL063,06/12/2019,33.33,2,67,
191390,NT041,FOL063,19/12/2019,33.33,2,67,
191419,NT024,FOL063,23/12/2019,33.33,5,167,
190060,KH014,FOL065,10/01/2019,186.67,5,933,
190080,NT027,FOL065,15/01/2019,186.67,1,187,
190182,KH014,FOL065,29/01/2019,186.67,10,1867,
190271,KH013,FOL065,16/02/2019,186.67,2,373,
190550,KH014,FOL065,19/04/2019,186.67,10,1867,
190552,KH001,FOL065,20/04/2019,186.67,2,373,
190559,KH021,FOL065,24/04/2019,186.67,20,3733,
190643,KH013,FOL065,25/05/2019,186.67,1,187,
190703,KH014,FOL065,04/06/2019,186.67,10,1867,
190837,KH014,FOL065,08/07/2019,186.67,10,1867,
190935,KH021,FOL065,06/08/2019,186.67,10,1867,
190951,KH014,FOL065,17/08/2019,186.67,10,1867,
190979,KH014,FOL065,31/08/2019,186.67,10,1867,
191018,KH004,FOL065,09/09/2019,186.67,1,187,
191038,KH014,FOL065,21/09/2019,186.67,5,933,
191122,KH014,FOL065,14/10/2019,186.67,10,1867,
191123,KH001,FOL065,14/10/2019,186.67,5,933,
191179,KH009,FOL065,25/10/2019,186.67,1,187,
191198,KH013,FOL065,31/10/2019,186.67,2,373,
191320,KH014,FOL065,09/12/2019,186.67,5,933,
191376,KH014,FOL065,15/12/2019,186.67,1,187,
191380,KH014,FOL065,16/12/2019,186.67,15,2800,
191397,NT027,FOL065,19/12/2019,186.67,2,373,
191456,KH019,FOL065,27/12/2019,186.67,1,187,
190071,NT046,FOL070,14/01/2019,50.40,2,101,
190096,NT046,FOL070,18/01/2019,50.40,3,151,
190122,NT036,FOL070,20/01/2019,50.40,2,101,
190170,KH009,FOL070,27/01/2019,50.40,2,101,
190179,KH014,FOL070,29/01/2019,50.40,20,1008,
190263,KH014,FOL070,16/02/2019,50.40,20,1008,
190287,NT046,FOL070,18/02/2019,50.40,5,252,
190294,NT041,FOL070,20/02/2019,50.40,2,101,
190339,NT035,FOL070,02/03/2019,50.40,5,252,
190340,KH014,FOL070,02/03/2019,50.40,10,504,
190382,KH009,FOL070,08/03/2019,50.40,2,101,
190392,NT013,FOL070,10/03/2019,50.40,2,101,
190424,KH014,FOL070,14/03/2019,50.40,20,1008,
190444,KH019,FOL070,19/03/2019,50.40,2,101,
190445,NT024,FOL070,19/03/2019,50.40,12,605,
190446,NT024,FOL070,19/03/2019,50.40,22,1109,
190447,NT016,FOL070,19/03/2019,50.40,3,151,
190528,KH014,FOL070,10/04/2019,50.40,20,1008,
190549,KH014,FOL070,19/04/2019,50.40,20,1008,
190566,KH022,FOL070,27/04/2019,50.40,2,101,
190587,NT046,FOL070,07/05/2019,50.40,5,252,
190600,KH014,FOL070,12/05/2019,50.40,20,1008,
190675,KH009,FOL070,30/05/2019,50.40,2,101,
190701,KH014,FOL070,04/06/2019,50.40,20,1008,
190768,KH014,FOL070,20/06/2019,50.40,20,1008,
190829,KH014,FOL070,08/07/2019,50.40,10,504,
190855,KH009,FOL070,11/07/2019,50.40,1,50,
190880,KH014,FOL070,21/07/2019,50.40,10,504,
190931,KH021,FOL070,06/08/2019,50.40,10,504,
190932,KH014,FOL070,06/08/2019,50.40,10,504,
190948,KH014,FOL070,17/08/2019,50.40,20,1008,
190978,KH014,FOL070,31/08/2019,50.40,20,1008,
191011,NT036,FOL070,09/09/2019,50.40,2,101,
191036,KH014,FOL070,21/09/2019,50.40,10,504,
191167,NT015,FOL070,24/10/2019,50.40,1,50,
191195,NT035,FOL070,31/10/2019,50.40,2,101,
191212,KH014,FOL070,05/11/2019,50.40,10,504,
191254,KH014,FOL070,23/11/2019,50.40,10,504,
191261,KH014,FOL070,27/11/2019,50.40,10,504,
191317,KH014,FOL070,09/12/2019,50.40,10,504,
191322,NT046,FOL070,10/12/2019,50.40,3,151,
191326,KH009,FOL070,11/12/2019,50.40,3,151,
191381,KH014,FOL070,17/12/2019,50.40,10,504,
191391,NT013,FOL070,19/12/2019,50.40,1,50,
191392,KH014,FOL070,19/12/2019,50.40,10,504,
191469,KH014,FOL070,29/12/2019,50.40,10,504,
190010,NT031,FOL092,03/01/2019,134.67,1,135,
190019,NT017,FOL092,06/01/2019,134.67,1,135,
190020,NT024,FOL092,06/01/2019,134.67,10,1347,
190079,KH016,FOL092,15/01/2019,134.67,5,673,
190092,NT036,FOL092,17/01/2019,134.67,3,404,
190093,NT020,FOL092,17/01/2019,134.67,5,673,
190126,KH004,FOL092,20/01/2019,134.67,1,135,
190213,NT012,FOL092,31/01/2019,134.67,1,135,
190214,NT012,FOL092,31/01/2019,134.67,1,135,
190251,NT017,FOL092,14/02/2019,134.67,1,135,
190389,KH026,FOL092,08/03/2019,134.67,2,269,
190432,NT036,FOL092,15/03/2019,134.67,1,135,
190433,NT036,FOL092,15/03/2019,134.67,3,404,
190513,NT013,FOL092,05/04/2019,134.67,1,135,
190542,NT031,FOL092,13/04/2019,134.67,2,269,
190556,NT015,FOL092,23/04/2019,134.67,2,269,
190569,NT014,FOL092,29/04/2019,134.67,2,269,
190593,NT046,FOL092,08/05/2019,134.67,20,2693,
190602,NT012,FOL092,12/05/2019,134.67,3,404,
190680,KH001,FOL092,31/05/2019,134.67,1,135,
190749,KH018,FOL092,13/06/2019,134.67,1,135,
190759,NT027,FOL092,17/06/2019,134.67,1,135,
190760,NT027,FOL092,17/06/2019,134.67,1,135,
190786,NT014,FOL092,24/06/2019,134.67,1,135,
190797,NT036,FOL092,27/06/2019,134.67,2,269,
190833,NT027,FOL092,08/07/2019,134.67,2,269,
190889,KH022,FOL092,21/07/2019,134.67,1,135,
190939,NT008,FOL092,09/08/2019,134.67,1,135,
190940,KH023,FOL092,09/08/2019,134.67,1,135,
191029,KH019,FOL092,18/09/2019,134.67,1,135,
191030,KH023,FOL092,18/09/2019,134.67,2,269,
191047,KH019,FOL092,27/09/2019,134.67,1,135,
191083,NT018,FOL092,05/10/2019,134.67,2,269,
191121,KH026,FOL092,14/10/2019,134.67,4,539,
191136,NT008,FOL092,21/10/2019,134.67,1,135,
191137,NT036,FOL092,21/10/2019,134.67,3,404,
191176,KH019,FOL092,25/10/2019,134.67,1,135,
191192,NT024,FOL092,29/10/2019,134.67,10,1347,
191210,KH016,FOL092,04/11/2019,134.67,3,404,
191218,NT031,FOL092,08/11/2019,134.67,2,269,
191219,NT007,FOL092,08/11/2019,134.67,1,135,
191243,KH016,FOL092,19/11/2019,134.67,3,404,
191244,NT015,FOL092,19/11/2019,134.67,1,135,
191291,NT024,FOL092,01/12/2019,134.67,10,1347,
191311,NT027,FOL092,07/12/2019,134.67,30,4040,
191324,NT046,FOL092,10/12/2019,134.67,6,808,
191371,NT017,FOL092,15/12/2019,134.67,1,135,
191372,NT046,FOL092,15/12/2019,134.67,1,135,
191373,NT046,FOL092,15/12/2019,134.67,1,135,
191387,NT008,FOL092,18/12/2019,134.67,5,673,
191396,NT015,FOL092,19/12/2019,134.67,1,135,
191408,NT014,FOL092,21/12/2019,134.67,1,135,
191409,NT027,FOL092,21/12/2019,134.67,1,135,
191410,KH011,FOL092,21/12/2019,134.67,2,269,
191425,NT027,FOL092,24/12/2019,134.67,1,135,
191444,KH016,FOL092,26/12/2019,134.67,3,404,
191451,NT027,FOL092,27/12/2019,134.67,2,269,
191452,NT027,FOL092,27/12/2019,134.67,1,135,
190007,NT031,FOL110,03/01/2019,93.33,1,93,
190016,NT039,FOL110,06/01/2019,93.33,1,93,
190017,NT035,FOL110,06/01/2019,93.33,2,187,
190039,NT039,FOL110,09/01/2019,93.33,1,93,
190040,NT039,FOL110,09/01/2019,93.33,1,93,
190058,NT027,FOL110,10/01/2019,93.33,5,467,
190090,NT023,FOL110,17/01/2019,93.33,1,93,
190125,KH004,FOL110,20/01/2019,93.33,7,653,
190134,KH019,FOL110,22/01/2019,93.33,1,93,
190135,KH019,FOL110,22/01/2019,93.33,2,187,
190171,KH009,FOL110,27/01/2019,93.33,2,187,
190209,NT018,FOL110,31/01/2019,93.33,2,187,
190268,KH026,FOL110,16/02/2019,93.33,1,93,
190279,NT018,FOL110,17/02/2019,93.33,1,93,
190280,NT018,FOL110,17/02/2019,93.33,2,187,
190281,NT017,FOL110,17/02/2019,93.33,1,93,
190296,NT041,FOL110,20/02/2019,93.33,3,280,
190329,KH026,FOL110,26/02/2019,93.33,4,373,
190343,NT014,FOL110,02/03/2019,93.33,2,187,
190344,KH004,FOL110,02/03/2019,93.33,1,93,
190345,NT024,FOL110,02/03/2019,93.33,2,187,
190385,NT008,FOL110,08/03/2019,93.33,1,93,
190398,NT023,FOL110,10/03/2019,93.33,1,93,
190451,NT017,FOL110,19/03/2019,93.33,1,93,
190467,NT020,FOL110,27/03/2019,93.33,5,467,
190468,NT020,FOL110,27/03/2019,93.33,1,93,
190469,KH016,FOL110,27/03/2019,93.33,5,467,
190470,NT020,FOL110,27/03/2019,93.33,2,187,
190473,NT014,FOL110,28/03/2019,93.33,1,93,
190496,KH009,FOL110,02/04/2019,93.33,1,93,
190512,NT024,FOL110,05/04/2019,93.33,1,93,
190567,KH022,FOL110,27/04/2019,93.33,2,187,
190579,NT018,FOL110,05/05/2019,93.33,2,187,
190580,NT031,FOL110,05/05/2019,93.33,2,187,
190589,NT035,FOL110,07/05/2019,93.33,1,93,
190673,NT027,FOL110,29/05/2019,93.33,1,93,
190676,KH009,FOL110,30/05/2019,93.33,2,187,
190706,NT014,FOL110,05/06/2019,93.33,1,93,
190746,NT002,FOL110,13/06/2019,93.33,1,93,
190747,NT005,FOL110,13/06/2019,93.33,3,280,
190814,KH004,FOL110,30/06/2019,93.33,1,93,
190815,NT027,FOL110,30/06/2019,93.33,1,93,
190856,NT018,FOL110,11/07/2019,93.33,1,93,
190857,KH009,FOL110,11/07/2019,93.33,3,280,
190858,KH009,FOL110,11/07/2019,93.33,1,93,
190886,NT021,FOL110,21/07/2019,93.33,5,467,
190887,NT021,FOL110,21/07/2019,93.33,3,280,
190925,NT027,FOL110,03/08/2019,93.33,1,93,
190946,KH018,FOL110,14/08/2019,93.33,2,187,
190987,NT017,FOL110,07/09/2019,93.33,1,93,
190988,NT027,FOL110,07/09/2019,93.33,3,280,
190989,NT031,FOL110,07/09/2019,93.33,1,93,
191015,KH016,FOL110,09/09/2019,93.33,5,467,
191115,NT014,FOL110,13/10/2019,93.33,1,93,
191116,NT014,FOL110,13/10/2019,93.33,1,93,
191170,NT034,FOL110,24/10/2019,93.33,2,187,
191216,NT012,FOL110,08/11/2019,93.33,1,93,
191237,NT027,FOL110,16/11/2019,93.33,1,93,
191259,NT014,FOL110,26/11/2019,93.33,1,93,
191287,KH021,FOL110,01/12/2019,93.33,10,933,
191334,NT014,FOL110,11/12/2019,93.33,1,93,
191367,NT021,FOL110,15/12/2019,93.33,4,373,
191368,NT021,FOL110,15/12/2019,93.33,1,93,
191386,NT008,FOL110,18/12/2019,93.33,5,467,
191442,NT018,FOL110,26/12/2019,93.33,3,280,
190003,NT015,FOL131,03/01/2019,80.53,1,81,
190012,NT039,FOL131,06/01/2019,80.53,1,81,
190036,NT036,FOL131,09/01/2019,80.53,5,403,
190037,NT027,FOL131,09/01/2019,80.53,5,403,
190055,NT014,FOL131,10/01/2019,80.53,1,81,
190056,NT014,FOL131,10/01/2019,80.53,1,81,
190061,NT038,FOL131,13/01/2019,80.53,5,403,
190062,NT008,FOL131,13/01/2019,80.53,1,81,
190086,NT023,FOL131,17/01/2019,80.53,2,161,
190087,NT020,FOL131,17/01/2019,80.53,10,805,
190111,KH009,FOL131,19/01/2019,80.53,1,81,
190124,KH004,FOL131,20/01/2019,80.53,1,81,
190203,KH009,FOL131,31/01/2019,80.53,1,81,
190204,NT012,FOL131,31/01/2019,80.53,1,81,
190264,KH026,FOL131,16/02/2019,80.53,3,242,
190277,NT031,FOL131,17/02/2019,80.53,1,81,
190319,NT042,FOL131,25/02/2019,80.53,2,161,
190320,NT042,FOL131,25/02/2019,80.53,2,161,
190321,NT042,FOL131,25/02/2019,80.53,1,81,
190373,NT035,FOL131,07/03/2019,80.53,1,81,
190384,NT027,FOL131,08/03/2019,80.53,1,81,
190394,NT013,FOL131,10/03/2019,80.53,2,161,
190395,NT024,FOL131,10/03/2019,80.53,5,403,
190396,NT007,FOL131,10/03/2019,80.53,1,81,
190397,NT027,FOL131,10/03/2019,80.53,1,81,
190448,KH018,FOL131,19/03/2019,80.53,1,81,
190482,KH019,FOL131,30/03/2019,80.53,1,81,
190508,NT013,FOL131,05/04/2019,80.53,1,81,
190509,NT024,FOL131,05/04/2019,80.53,5,403,
190510,NT024,FOL131,05/04/2019,80.53,1,81,
190544,KH016,FOL131,15/04/2019,80.53,3,242,
190578,NT014,FOL131,05/05/2019,80.53,1,81,
190588,NT015,FOL131,07/05/2019,80.53,1,81,
190591,NT038,FOL131,08/05/2019,80.53,1,81,
190672,NT015,FOL131,29/05/2019,80.53,2,161,
190705,NT014,FOL131,05/06/2019,80.53,1,81,
190741,NT027,FOL131,13/06/2019,80.53,1,81,
190742,NT008,FOL131,13/06/2019,80.53,2,161,
190743,KH018,FOL131,13/06/2019,80.53,1,81,
190744,KH019,FOL131,13/06/2019,80.53,1,81,
190785,KH026,FOL131,24/06/2019,80.53,1,81,
190792,NT017,FOL131,25/06/2019,80.53,1,81,
190811,NT027,FOL131,30/06/2019,80.53,1,81,
190812,NT024,FOL131,30/06/2019,80.53,10,805,
190830,NT027,FOL131,08/07/2019,80.53,1,81,
190831,NT024,FOL131,08/07/2019,80.53,2,161,
190867,NT024,FOL131,13/07/2019,80.53,5,403,
190873,NT024,FOL131,17/07/2019,80.53,5,403,
190882,KH018,FOL131,21/07/2019,80.53,1,81,
190896,NT015,FOL131,26/07/2019,80.53,1,81,
190897,NT016,FOL131,26/07/2019,80.53,1,81,
190933,KH014,FOL131,06/08/2019,80.53,5,403,
190967,NT014,FOL131,22/08/2019,80.53,1,81,
190972,NT015,FOL131,25/08/2019,80.53,2,161,
190983,NT017,FOL131,07/09/2019,80.53,1,81,
190984,NT035,FOL131,07/09/2019,80.53,1,81,
190985,NT031,FOL131,07/09/2019,80.53,1,81,
191012,NT042,FOL131,09/09/2019,80.53,2,161,
191026,NT018,FOL131,18/09/2019,80.53,1,81,
191027,KH019,FOL131,18/09/2019,80.53,1,81,
191055,NT017,FOL131,01/10/2019,80.53,1,81,
191056,NT008,FOL131,01/10/2019,80.53,1,81,
191075,NT017,FOL131,04/10/2019,80.53,1,81,
191095,NT008,FOL131,07/10/2019,80.53,1,81,
191113,NT015,FOL131,13/10/2019,80.53,1,81,
191134,NT017,FOL131,21/10/2019,80.53,1,81,
191168,NT046,FOL131,24/10/2019,80.53,1,81,
191196,NT008,FOL131,31/10/2019,80.53,1,81,
191228,NT017,FOL131,12/11/2019,80.53,1,81,
191229,NT024,FOL131,12/11/2019,80.53,2,161,
191234,NT007,FOL131,16/11/2019,80.53,1,81,
191235,NT027,FOL131,16/11/2019,80.53,5,403,
191255,NT027,FOL131,25/11/2019,80.53,1,81,
191258,NT017,FOL131,26/11/2019,80.53,1,81,
191285,NT014,FOL131,01/12/2019,80.53,1,81,
191286,NT024,FOL131,01/12/2019,80.53,10,805,
191308,NT008,FOL131,07/12/2019,80.53,1,81,
191309,NT027,FOL131,07/12/2019,80.53,3,242,
191323,NT046,FOL131,10/12/2019,80.53,6,483,
191327,NT014,FOL131,11/12/2019,80.53,1,81,
191328,NT014,FOL131,11/12/2019,80.53,1,81,
191329,NT014,FOL131,11/12/2019,80.53,1,81,
191330,KH009,FOL131,11/12/2019,80.53,1,81,
191358,NT017,FOL131,13/12/2019,80.53,1,81,
191359,NT017,FOL131,13/12/2019,80.53,1,81,
191363,NT017,FOL131,15/12/2019,80.53,15,1208,
191364,NT018,FOL131,15/12/2019,80.53,2,161,
191365,NT017,FOL131,15/12/2019,80.53,1,81,
191382,KH016,FOL131,18/12/2019,80.53,5,403,
191383,NT008,FOL131,18/12/2019,80.53,2,161,
191384,NT008,FOL131,18/12/2019,80.53,4,322,
191385,NT008,FOL131,18/12/2019,80.53,1,81,
191394,KH016,FOL131,19/12/2019,80.53,4,322,
191406,NT014,FOL131,21/12/2019,80.53,2,161,
191421,NT027,FOL131,24/12/2019,80.53,1,81,
191434,NT042,FOL131,25/12/2019,80.53,2,161,
191435,NT042,FOL131,25/12/2019,80.53,5,403,
191438,NT018,FOL131,26/12/2019,80.53,1,81,
191439,NT027,FOL131,26/12/2019,80.53,5,403,
191440,KH016,FOL131,26/12/2019,80.53,4,322,
191441,KH019,FOL131,26/12/2019,80.53,1,81,
191446,KH019,FOL131,27/12/2019,80.53,1,81,
191447,KH019,FOL131,27/12/2019,80.53,1,81,
190004,NT046,FOL157,03/01/2019,90.67,5,453,
190005,NT015,FOL157,03/01/2019,90.67,10,907,
190006,NT046,FOL157,03/01/2019,90.67,1,91,
190013,NT039,FOL157,06/01/2019,90.67,1,91,
190014,NT039,FOL157,06/01/2019,90.67,2,181,
190038,NT036,FOL157,09/01/2019,90.67,4,363,
190057,NT014,FOL157,10/01/2019,90.67,2,181,
190063,NT039,FOL157,13/01/2019,90.67,1,91,
190064,NT039,FOL157,13/01/2019,90.67,1,91,
190065,NT039,FOL157,13/01/2019,90.67,0.6,54,
190072,NT018,FOL157,14/01/2019,90.67,1,91,
190089,NT023,FOL157,17/01/2019,90.67,1,91,
190097,NT014,FOL157,18/01/2019,90.67,2,181,
190098,NT024,FOL157,18/01/2019,90.67,0.4,36,
190099,KH016,FOL157,18/01/2019,90.67,1,91,
190129,NT002,FOL157,21/01/2019,90.67,3,272,
190133,NT013,FOL157,22/01/2019,90.67,3,272,
190145,NT027,FOL157,24/01/2019,90.67,10,907,
190146,NT046,FOL157,24/01/2019,90.67,1,91,
190153,NT002,FOL157,25/01/2019,90.67,0.4,36,
190154,NT046,FOL157,25/01/2019,90.67,20,1813,
190155,KH023,FOL157,25/01/2019,90.67,10,907,
190156,NT046,FOL157,25/01/2019,90.67,4,363,
190164,KH004,FOL157,26/01/2019,90.67,20,1813,
190175,NT046,FOL157,28/01/2019,90.67,1,91,
190176,NT046,FOL157,28/01/2019,90.67,1,91,
190177,NT046,FOL157,28/01/2019,90.67,1,91,
190188,NT024,FOL157,30/01/2019,90.67,2,181,
190205,NT007,FOL157,31/01/2019,90.67,0.4,36,
190206,NT036,FOL157,31/01/2019,90.67,1,91,
190207,NT012,FOL157,31/01/2019,90.67,6,544,
190208,KH001,FOL157,31/01/2019,90.67,6,544,
190246,NT007,FOL157,14/02/2019,90.67,2,181,
190247,NT007,FOL157,14/02/2019,90.67,0.28,25,
190260,NT014,FOL157,15/02/2019,90.67,1,91,
190265,NT014,FOL157,16/02/2019,90.67,1,91,
190266,NT014,FOL157,16/02/2019,90.67,1,91,
190267,KH026,FOL157,16/02/2019,90.67,1,91,
190278,NT007,FOL157,17/02/2019,90.67,0.32,29,
190289,NT034,FOL157,18/02/2019,90.67,5,453,
190290,NT014,FOL157,18/02/2019,90.67,2,181,
190291,NT014,FOL157,18/02/2019,90.67,1,91,
190295,NT038,FOL157,20/02/2019,90.67,30,2720,
190312,NT018,FOL157,23/02/2019,90.67,1,91,
190322,KH001,FOL157,25/02/2019,90.67,5,453,
190341,NT003,FOL157,02/03/2019,90.67,5,453,
190349,NT024,FOL157,03/03/2019,90.67,0.5,45,
190363,NT002,FOL157,05/03/2019,90.67,0.4,36,
190374,NT021,FOL157,07/03/2019,90.67,2,181,
190375,NT021,FOL157,07/03/2019,90.67,1,91,
190401,NT036,FOL157,11/03/2019,90.67,2,181,
190402,NT020,FOL157,11/03/2019,90.67,0.8,73,
190416,NT038,FOL157,13/03/2019,90.67,1,91,
190425,NT046,FOL157,14/03/2019,90.67,20,1813,
190449,KH018,FOL157,19/03/2019,90.67,1,91,
190450,NT046,FOL157,19/03/2019,90.67,20,1813,
190466,NT021,FOL157,27/03/2019,90.67,3,272,
190472,NT014,FOL157,28/03/2019,90.67,1,91,
190475,NT046,FOL157,29/03/2019,90.67,20,1813,
190483,NT046,FOL157,31/03/2019,90.67,2,181,
190492,KH026,FOL157,02/04/2019,90.67,10,907,
190493,NT027,FOL157,02/04/2019,90.67,5,453,
190494,KH026,FOL157,02/04/2019,90.67,1,91,
190495,KH009,FOL157,02/04/2019,90.67,1,91,
190497,NT035,FOL157,03/04/2019,90.67,1,91,
190511,NT046,FOL157,05/04/2019,90.67,2,181,
190520,NT024,FOL157,08/04/2019,90.67,0.4,36,
190530,NT024,FOL157,10/04/2019,90.67,0.4,36,
190546,NT046,FOL157,16/04/2019,90.67,20,1813,
190581,NT024,FOL157,06/05/2019,90.67,0.4,36,
190596,KH016,FOL157,09/05/2019,90.67,5,453,
190609,NT041,FOL157,14/05/2019,90.67,2,181,
190610,NT041,FOL157,14/05/2019,90.67,1,91,
190618,NT020,FOL157,18/05/2019,90.67,1,91,
190633,NT002,FOL157,22/05/2019,90.67,2,181,
190645,NT012,FOL157,26/05/2019,90.67,2,181,
190646,NT015,FOL157,26/05/2019,90.67,3,272,
190647,NT007,FOL157,26/05/2019,90.67,1,91,
190648,NT024,FOL157,26/05/2019,90.67,0.4,36,
190677,KH024,FOL157,31/05/2019,90.67,1,91,
190691,NT002,FOL157,02/06/2019,90.67,1,91,
190720,NT002,FOL157,09/06/2019,90.67,1,91,
190729,NT018,FOL157,11/06/2019,90.67,1,91,
190730,NT018,FOL157,11/06/2019,90.67,2,181,
190731,NT018,FOL157,11/06/2019,90.67,1,91,
190745,NT024,FOL157,13/06/2019,90.67,1,91,
190757,NT038,FOL157,17/06/2019,90.67,2,181,
190758,KH001,FOL157,17/06/2019,90.67,10,907,
190770,NT014,FOL157,21/06/2019,90.67,1,91,
190777,NT002,FOL157,23/06/2019,90.67,20,1813,
190778,NT002,FOL157,23/06/2019,90.67,1,91,
190779,NT018,FOL157,23/06/2019,90.67,1,91,
190793,NT002,FOL157,25/06/2019,90.67,1,91,
190801,NT007,FOL157,28/06/2019,90.67,1,91,
190802,NT018,FOL157,28/06/2019,90.67,1,91,
190813,NT041,FOL157,30/06/2019,90.67,1,91,
190883,KH004,FOL157,21/07/2019,90.67,2,181,
190901,NT024,FOL157,28/07/2019,90.67,1,91,
190922,NT010,FOL157,03/08/2019,90.67,5,453,
190923,NT014,FOL157,03/08/2019,90.67,3,272,
190942,NT017,FOL157,12/08/2019,90.67,4,363,
190953,NT024,FOL157,18/08/2019,90.67,1,91,
190962,NT024,FOL157,21/08/2019,90.67,50,4533,
190973,NT003,FOL157,25/08/2019,90.67,10,907,
190974,NT015,FOL157,25/08/2019,90.67,10,907,
190975,NT015,FOL157,25/08/2019,90.67,1,91,
191003,NT018,FOL157,08/09/2019,90.67,1,91,
191040,NT014,FOL157,23/09/2019,90.67,2,181,
191041,NT018,FOL157,23/09/2019,90.67,2,181,
191044,NT027,FOL157,24/09/2019,90.67,5,453,
191045,NT027,FOL157,24/09/2019,90.67,1,91,
191051,NT038,FOL157,29/09/2019,90.67,1,91,
191057,NT024,FOL157,01/10/2019,90.67,2,181,
191070,NT002,FOL157,03/10/2019,90.67,1,91,
191081,NT018,FOL157,05/10/2019,90.67,1,91,
191096,NT007,FOL157,07/10/2019,90.67,1,91,
191097,NT008,FOL157,07/10/2019,90.67,1,91,
191114,NT014,FOL157,13/10/2019,90.67,20,1813,
191120,KH001,FOL157,14/10/2019,90.67,10,907,
191126,NT020,FOL157,16/10/2019,90.67,1,91,
191130,NT002,FOL157,18/10/2019,90.67,1,91,
191159,NT021,FOL157,22/10/2019,90.67,2,181,
191161,NT024,FOL157,23/10/2019,90.67,1,91,
191174,NT021,FOL157,25/10/2019,90.67,3,272,
191236,NT027,FOL157,16/11/2019,90.67,1,91,
191262,NT036,FOL157,27/11/2019,90.67,3,272,
191331,NT021,FOL157,11/12/2019,90.67,3,272,
191332,NT021,FOL157,11/12/2019,90.67,3,272,
191333,KH009,FOL157,11/12/2019,90.67,1,91,
191366,NT046,FOL157,15/12/2019,90.67,3,272,
191395,NT013,FOL157,19/12/2019,90.67,3,272,
191422,NT035,FOL157,24/12/2019,90.67,5,453,
191423,NT027,FOL157,24/12/2019,90.67,5,453,
191449,KH016,FOL157,27/12/2019,90.67,5,453,
191461,NT002,FOL157,28/12/2019,90.67,3,272,
191462,NT046,FOL157,28/12/2019,90.67,2,181,
191475,KH026,FOL157,31/12/2019,90.67,2,181,
191476,KH026,FOL157,31/12/2019,90.67,2,181,
190050,NT039,NPK001,09/01/2019,586.67,1,587,
190116,KH023,NPK001,19/01/2019,586.67,1,587,
190117,KH023,NPK001,19/01/2019,586.67,1,587,
190132,NT002,NPK001,21/01/2019,586.67,2,1173,
190160,NT023,NPK001,25/01/2019,586.67,5,2933,
190161,NT002,NPK001,25/01/2019,586.67,1,587,
190192,NT007,NPK001,30/01/2019,586.67,2,1173,
190193,NT020,NPK001,30/01/2019,586.67,0.5,293,
190194,NT020,NPK001,30/01/2019,586.67,0.5,293,
190228,NT036,NPK001,31/01/2019,586.67,0.15,88,
190257,NT007,NPK001,14/02/2019,586.67,0.25,147,
190286,NT007,NPK001,17/02/2019,586.67,1.75,1027,
190306,NT036,NPK001,22/02/2019,586.67,2,1173,
190367,NT002,NPK001,05/03/2019,586.67,1,587,
190640,NT023,NPK001,22/05/2019,586.67,5,2933,
190654,NT007,NPK001,26/05/2019,586.67,1,587,
190666,NT036,NPK001,28/05/2019,586.67,1,587,
190684,KH004,NPK001,31/05/2019,586.67,1,587,
190694,NT020,NPK001,02/06/2019,586.67,0.5,293,
190695,NT002,NPK001,02/06/2019,586.67,2.5,1467,
190696,NT007,NPK001,02/06/2019,586.67,2,1173,
190737,NT020,NPK001,11/06/2019,586.67,0.5,293,
190788,NT007,NPK001,24/06/2019,586.67,1,587,
190996,NT036,NPK001,07/09/2019,586.67,1,587,
191053,NT007,NPK001,29/09/2019,586.67,1,587,
191054,NT007,NPK001,29/09/2019,586.67,1,587,
191073,NT002,NPK001,03/10/2019,586.67,2,1173,
191110,NT007,NPK001,12/10/2019,586.67,1,587,
191148,NT036,NPK001,21/10/2019,586.67,2,1173,
191203,NT007,NPK001,03/11/2019,586.67,1,587,
191275,NT036,NPK001,27/11/2019,586.67,1,587,
191402,KH004,NPK001,19/12/2019,586.67,1,587,
191466,NT002,NPK001,28/12/2019,586.67,1,587,
190668,NT036,NPK007,28/05/2019,686.67,4,2747,
190233,NT036,NPK007,31/01/2019,693.33,2,1387,
190307,NT036,NPK007,22/02/2019,693.33,2,1387,
191151,NT036,NPK007,21/10/2019,873.33,1,873,
190489,NT046,NPK007,31/03/2019,973.33,2,1947,
190046,NT039,NPK010,09/01/2019,226.67,0.5,113,
190047,NT024,NPK010,09/01/2019,226.67,1,227,
190081,NT038,NPK010,15/01/2019,226.67,1,227,
190103,NT007,NPK010,18/01/2019,226.67,1,227,
190104,NT018,NPK010,18/01/2019,226.67,1,227,
190114,KH023,NPK010,19/01/2019,226.67,2,453,
190165,KH004,NPK010,26/01/2019,226.67,1,227,
190220,NT038,NPK010,31/01/2019,226.67,1,227,
190283,NT046,NPK010,17/02/2019,226.67,2,453,
190326,NT042,NPK010,25/02/2019,226.67,1,227,
190355,NT024,NPK010,03/03/2019,226.67,1,227,
190365,NT002,NPK010,05/03/2019,226.67,0.5,113,
190440,NT036,NPK010,17/03/2019,226.67,2,453,
190453,NT014,NPK010,19/03/2019,226.67,1,227,
190454,NT023,NPK010,19/03/2019,226.67,2,453,
190455,KH018,NPK010,19/03/2019,226.67,2,453,
190484,NT038,NPK010,31/03/2019,226.67,3,680,
190500,NT036,NPK010,03/04/2019,226.67,2,453,
190514,NT027,NPK010,05/04/2019,226.67,1,227,
190561,NT014,NPK010,25/04/2019,226.67,1,227,
190621,NT018,NPK010,18/05/2019,226.67,1,227,
190637,NT014,NPK010,22/05/2019,226.67,1,227,
190723,NT002,NPK010,09/06/2019,226.67,1,227,
190735,NT046,NPK010,11/06/2019,226.67,3,680,
190761,NT018,NPK010,17/06/2019,226.67,2,453,
190805,NT007,NPK010,28/06/2019,226.67,1,227,
190842,NT018,NPK010,10/07/2019,226.67,1,227,
190843,NT007,NPK010,10/07/2019,226.67,1,227,
190860,NT018,NPK010,11/07/2019,226.67,1,227,
190863,NT046,NPK010,12/07/2019,226.67,1.5,340,
190864,NT046,NPK010,12/07/2019,226.67,2,453,
190913,KH022,NPK010,29/07/2019,226.67,1,227,
190918,NT014,NPK010,02/08/2019,226.67,2,453,
190965,NT024,NPK010,21/08/2019,226.67,5,1133,
190980,NT038,NPK010,01/09/2019,226.67,3,680,
190990,NT036,NPK010,07/09/2019,226.67,5,1133,
190991,NT036,NPK010,07/09/2019,226.67,0.5,113,
191006,NT018,NPK010,08/09/2019,226.67,1,227,
191019,NT036,NPK010,09/09/2019,226.67,1,227,
191067,NT024,NPK010,02/10/2019,226.67,2,453,
191072,NT002,NPK010,03/10/2019,226.67,0.5,113,
191079,NT046,NPK010,04/10/2019,226.67,1,227,
191091,NT024,NPK010,06/10/2019,226.67,3,680,
191143,NT035,NPK010,21/10/2019,226.67,1,227,
191201,NT035,NPK010,03/11/2019,226.67,1,227,
191222,NT014,NPK010,08/11/2019,226.67,1,227,
191233,NT023,NPK010,14/11/2019,226.67,2,453,
191345,NT036,NPK010,12/12/2019,226.67,10,2267,
191346,NT036,NPK010,12/12/2019,226.67,8,1813,
191427,NT018,NPK010,24/12/2019,226.67,1,227,
191463,NT002,NPK010,28/12/2019,226.67,0.5,113,
190232,NT036,NPK011,31/01/2019,666.67,1,667,
190275,NT017,NPK011,16/02/2019,666.67,0.25,167,
190441,NT046,NPK011,17/03/2019,666.67,2,1333,
190505,NT036,NPK011,03/04/2019,666.67,0.25,167,
190564,NT014,NPK011,25/04/2019,666.67,0.5,333,
190598,NT035,NPK011,10/05/2019,666.67,0.5,333,
190625,NT024,NPK011,18/05/2019,666.67,0.25,167,
190710,NT014,NPK011,05/06/2019,666.67,0.25,167,
190717,NT035,NPK011,06/06/2019,666.67,0.5,333,
190772,NT014,NPK011,21/06/2019,666.67,0.5,333,
190784,NT014,NPK011,23/06/2019,666.67,0.75,500,
190807,NT014,NPK011,28/06/2019,666.67,0.5,333,
190905,NT014,NPK011,28/07/2019,666.67,0.5,333,
190920,NT035,NPK011,02/08/2019,666.67,0.5,333,
190970,NT014,NPK011,24/08/2019,666.67,0.25,167,
190999,NT036,NPK011,07/09/2019,666.67,1,667,
191023,NT014,NPK011,10/09/2019,666.67,1,667,
191150,NT036,NPK011,21/10/2019,666.67,1,667,
191204,NT035,NPK011,03/11/2019,666.67,0.25,167,
191205,NT024,NPK011,03/11/2019,666.67,1,667,
191223,NT014,NPK011,08/11/2019,666.67,0.25,167,
191276,NT036,NPK011,27/11/2019,666.67,3,2000,
191431,NT018,NPK011,24/12/2019,666.67,0.25,167,
190033,NT036,NPK012,07/01/2019,"1,013.33",1,1013,
190034,NT024,NPK012,07/01/2019,"1,013.33",2,2027,
190053,NT024,NPK012,09/01/2019,"1,013.33",2,2027,
190054,NT039,NPK012,09/01/2019,"1,013.33",1,1013,
190109,NT024,NPK012,18/01/2019,"1,013.33",2,2027,
190120,KH023,NPK012,19/01/2019,"1,013.33",1,1013,
190121,KH023,NPK012,19/01/2019,"1,013.33",1,1013,
190142,NT024,NPK012,23/01/2019,"1,013.33",2,2027,
190151,NT024,NPK012,24/01/2019,"1,013.33",1,1013,
190168,KH004,NPK012,26/01/2019,"1,013.33",0.5,507,
190236,NT036,NPK012,31/01/2019,"1,013.33",3,3040,
190237,NT024,NPK012,31/01/2019,"1,013.33",2,2027,
190259,NT024,NPK012,14/02/2019,"1,013.33",5,5067,
190309,NT036,NPK012,22/02/2019,"1,013.33",1.5,1520,
190318,NT046,NPK012,23/02/2019,"1,013.33",5,5067,
190361,NT024,NPK012,03/03/2019,"1,013.33",3,3040,
190438,NT024,NPK012,16/03/2019,"1,013.33",4,4053,
190442,NT024,NPK012,17/03/2019,"1,013.33",1,1013,
190464,NT024,NPK012,25/03/2019,"1,013.33",3,3040,
190506,NT036,NPK012,03/04/2019,"1,013.33",2,2027,
190507,NT024,NPK012,04/04/2019,"1,013.33",2,2027,
190526,NT024,NPK012,08/04/2019,"1,013.33",2,2027,
190538,NT024,NPK012,10/04/2019,"1,013.33",1,1013,
190541,NT024,NPK012,11/04/2019,"1,013.33",2,2027,
190573,NT024,NPK012,30/04/2019,"1,013.33",2,2027,
190595,NT003,NPK012,08/05/2019,"1,013.33",1,1013,
190608,NT024,NPK012,12/05/2019,"1,013.33",2,2027,
190626,NT024,NPK012,18/05/2019,"1,013.33",4,4053,
190656,NT024,NPK012,26/05/2019,"1,013.33",2,2027,
190670,NT036,NPK012,28/05/2019,"1,013.33",2,2027,
190674,NT024,NPK012,29/05/2019,"1,013.33",3,3040,
190712,NT024,NPK012,05/06/2019,"1,013.33",2,2027,
190718,NT024,NPK012,06/06/2019,"1,013.33",2,2027,
190740,NT024,NPK012,11/06/2019,"1,013.33",2,2027,
190762,NT024,NPK012,17/06/2019,"1,013.33",4,4053,
190773,NT046,NPK012,21/06/2019,"1,013.33",3.5,3547,
190823,NT024,NPK012,04/07/2019,"1,013.33",4,4053,
190851,NT036,NPK012,10/07/2019,"1,013.33",2,2027,
190852,NT007,NPK012,10/07/2019,"1,013.33",0.4,405,
190853,NT036,NPK012,10/07/2019,"1,013.33",1,1013,
190865,NT046,NPK012,12/07/2019,"1,013.33",1.5,1520,
190879,NT024,NPK012,19/07/2019,"1,013.33",5,5067,
190900,NT024,NPK012,26/07/2019,"1,013.33",2,2027,
190907,NT024,NPK012,28/07/2019,"1,013.33",3,3040,
190937,NT024,NPK012,08/08/2019,"1,013.33",3,3040,
190959,NT024,NPK012,18/08/2019,"1,013.33",3,3040,
190977,NT024,NPK012,25/08/2019,"1,013.33",3,3040,
191000,NT036,NPK012,07/09/2019,"1,013.33",4,4053,
191001,NT036,NPK012,07/09/2019,"1,013.33",1,1013,
191009,NT024,NPK012,08/09/2019,"1,013.33",3,3040,
191032,NT024,NPK012,18/09/2019,"1,013.33",4,4053,
191039,NT024,NPK012,22/09/2019,"1,013.33",5,5067,
191061,NT024,NPK012,01/10/2019,"1,013.33",1,1013,
191069,NT024,NPK012,02/10/2019,"1,013.33",4,4053,
191093,NT024,NPK012,06/10/2019,"1,013.33",2,2027,
191104,NT024,NPK012,10/10/2019,"1,013.33",3,3040,
191154,NT036,NPK012,21/10/2019,"1,013.33",4,4053,
191248,NT024,NPK012,20/11/2019,"1,013.33",1,1013,
191251,NT024,NPK012,21/11/2019,"1,013.33",2,2027,
191278,NT036,NPK012,27/11/2019,"1,013.33",6,6080,
191284,NT024,NPK012,29/11/2019,"1,013.33",2,2027,
191316,NT024,NPK012,07/12/2019,"1,013.33",2,2027,
191378,NT024,NPK012,15/12/2019,"1,013.33",2,2027,
191403,KH004,NPK012,19/12/2019,"1,013.33",1,1013,
191412,NT024,NPK012,21/12/2019,"1,013.33",3,3040,
191415,NT024,NPK012,22/12/2019,"1,013.33",7,7093,
190024,NT036,NPK021,07/01/2019,106.67,3,320,
190041,NT039,NPK021,09/01/2019,106.67,0.5,53,
190130,NT046,NPK021,21/01/2019,106.67,2,213,
190210,NT035,NPK021,31/01/2019,106.67,1,107,
190248,NT016,NPK021,14/02/2019,106.67,1,107,
190249,NT046,NPK021,14/02/2019,106.67,3,320,
190324,NT016,NPK021,25/02/2019,106.67,2,213,
190386,NT046,NPK021,08/03/2019,106.67,5,533,
190417,NT035,NPK021,13/03/2019,106.67,1,107,
190539,NT035,NPK021,11/04/2019,106.67,1,107,
190649,NT035,NPK021,26/05/2019,106.67,1,107,
190658,NT036,NPK021,28/05/2019,106.67,3,320,
190771,NT015,NPK021,21/06/2019,106.67,4,427,
191101,NT015,NPK021,10/10/2019,106.67,3,320,
191106,NT017,NPK021,12/10/2019,106.67,1,107,
191117,NT015,NPK021,13/10/2019,106.67,2,213,
191135,NT035,NPK021,21/10/2019,106.67,1,107,
191213,NT035,NPK021,06/11/2019,106.67,1,107,
191263,NT046,NPK021,27/11/2019,106.67,2,213,
191279,NT046,NPK021,28/11/2019,106.67,1,107,
190011,NT015,NPK022,05/01/2019,160.00,4,640,
190025,NT015,NPK022,07/01/2019,160.00,8,1280,
190044,NT039,NPK022,09/01/2019,160.00,0.5,80,
190138,NT046,NPK022,23/01/2019,160.00,2,320,
190157,NT002,NPK022,25/01/2019,160.00,2,320,
190158,NT020,NPK022,25/01/2019,160.00,3,480,
190180,NT007,NPK022,29/01/2019,160.00,2,320,
190242,NT015,NPK022,13/02/2019,160.00,2,320,
190243,NT046,NPK022,13/02/2019,160.00,2,320,
190252,NT016,NPK022,14/02/2019,160.00,3,480,
190269,NT017,NPK022,16/02/2019,160.00,1,160,
190282,KH026,NPK022,17/02/2019,160.00,2,320,
190297,NT038,NPK022,20/02/2019,160.00,5,800,
190299,NT046,NPK022,21/02/2019,160.00,2,320,
190301,NT036,NPK022,22/02/2019,160.00,2,320,
190313,NT046,NPK022,23/02/2019,160.00,1,160,
190350,NT046,NPK022,03/03/2019,160.00,3,480,
190391,NT046,NPK022,08/03/2019,160.00,1,160,
190403,NT036,NPK022,11/03/2019,160.00,1,160,
190404,NT015,NPK022,11/03/2019,160.00,5,800,
190439,NT027,NPK022,17/03/2019,160.00,1,160,
190603,NT046,NPK022,12/05/2019,160.00,5,800,
190650,NT015,NPK022,26/05/2019,160.00,5,800,
190660,NT036,NPK022,28/05/2019,160.00,4,640,
190692,NT016,NPK022,02/06/2019,160.00,4,640,
190732,NT046,NPK022,11/06/2019,160.00,5,800,
190765,NT015,NPK022,19/06/2019,160.00,6,960,
190780,NT002,NPK022,23/06/2019,160.00,2,320,
190818,NT027,NPK022,30/06/2019,160.00,1,160,
190909,KH004,NPK022,29/07/2019,160.00,0.5,80,
191022,NT027,NPK022,10/09/2019,160.00,1,160,
191052,NT007,NPK022,29/09/2019,160.00,2,320,
191076,NT046,NPK022,04/10/2019,160.00,5,800,
191098,NT015,NPK022,07/10/2019,160.00,4,640,
191102,NT007,NPK022,10/10/2019,160.00,1,160,
191103,NT015,NPK022,10/10/2019,160.00,6,960,
191107,NT017,NPK022,12/10/2019,160.00,1,160,
191131,NT038,NPK022,18/10/2019,160.00,5,800,
191138,NT035,NPK022,21/10/2019,160.00,1,160,
191139,NT036,NPK022,21/10/2019,160.00,4,640,
191183,NT015,NPK022,27/10/2019,160.00,5,800,
191184,NT018,NPK022,27/10/2019,160.00,1,160,
191245,NT027,NPK022,20/11/2019,160.00,1,160,
191264,NT046,NPK022,27/11/2019,160.00,3,480,
191265,NT036,NPK022,27/11/2019,160.00,3,480,
191280,NT046,NPK022,28/11/2019,160.00,2,320,
191339,NT010,NPK022,12/12/2019,160.00,1,160,
191340,NT016,NPK022,12/12/2019,160.00,2,320,
191341,KH026,NPK022,12/12/2019,160.00,2,320,
191426,NT018,NPK022,24/12/2019,160.00,2,320,
190051,NT039,NPK025,09/01/2019,606.67,1.5,910,
190052,NT039,NPK025,09/01/2019,606.67,1.5,910,
190082,NT038,NPK025,15/01/2019,606.67,3,1820,
190083,NT038,NPK025,15/01/2019,606.67,3,1820,
190108,NT007,NPK025,18/01/2019,606.67,2,1213,
190118,KH023,NPK025,19/01/2019,606.67,1,607,
190119,KH023,NPK025,19/01/2019,606.67,1,607,
190187,NT007,NPK025,29/01/2019,606.67,1,607,
190195,NT014,NPK025,30/01/2019,606.67,1,607,
190196,NT007,NPK025,30/01/2019,606.67,1,607,
190197,NT014,NPK025,30/01/2019,606.67,1,607,
190229,NT002,NPK025,31/01/2019,606.67,0.5,303,
190230,NT036,NPK025,31/01/2019,606.67,2,1213,
190231,NT036,NPK025,31/01/2019,606.67,0.25,152,
190258,NT007,NPK025,14/02/2019,606.67,1.5,910,
190315,NT046,NPK025,23/02/2019,606.67,1,607,
190316,NT046,NPK025,23/02/2019,606.67,1,607,
190334,NT046,NPK025,01/03/2019,606.67,1,607,
190335,NT046,NPK025,01/03/2019,606.67,1,607,
190358,NT046,NPK025,03/03/2019,606.67,2,1213,
190359,NT007,NPK025,03/03/2019,606.67,2,1213,
190360,NT046,NPK025,03/03/2019,606.67,4,2427,
190411,NT036,NPK025,11/03/2019,606.67,2,1213,
190456,NT014,NPK025,19/03/2019,606.67,1,607,
190537,NT046,NPK025,10/04/2019,606.67,1.5,910,
190667,NT036,NPK025,28/05/2019,606.67,3,1820,
190685,KH009,NPK025,31/05/2019,606.67,1,607,
190697,NT020,NPK025,02/06/2019,606.67,0.5,303,
190709,NT014,NPK025,05/06/2019,606.67,1,607,
190724,NT002,NPK025,09/06/2019,606.67,1,607,
190738,NT020,NPK025,11/06/2019,606.67,0.5,303,
190755,NT046,NPK025,14/06/2019,606.67,3,1820,
190756,NT046,NPK025,14/06/2019,606.67,3,1820,
190767,NT014,NPK025,19/06/2019,606.67,1,607,
190783,NT014,NPK025,23/06/2019,606.67,0.5,303,
190789,NT007,NPK025,24/06/2019,606.67,1,607,
190790,NT014,NPK025,24/06/2019,606.67,3,1820,
190848,NT007,NPK025,10/07/2019,606.67,1,607,
190849,NT014,NPK025,10/07/2019,606.67,3,1820,
190997,NT036,NPK025,07/09/2019,606.67,1,607,
190998,NT036,NPK025,07/09/2019,606.67,0.25,152,
191074,NT002,NPK025,03/10/2019,606.67,0.5,303,
191100,NT007,NPK025,07/10/2019,606.67,2,1213,
191149,NT036,NPK025,21/10/2019,606.67,1,607,
191189,NT007,NPK025,27/10/2019,606.67,1,607,
191293,KH019,NPK025,01/12/2019,606.67,2,1213,
191350,NT036,NPK025,12/12/2019,606.67,2,1213,
191351,NT038,NPK025,12/12/2019,606.67,2,1213,
191429,NT014,NPK025,24/12/2019,606.67,2,1213,
191430,NT014,NPK025,24/12/2019,606.67,2,1213,
191445,KH019,NPK025,26/12/2019,606.67,4,2427,
190032,NT036,NPK028,07/01/2019,973.33,2,1947,
190067,NT024,NPK028,13/01/2019,973.33,2,1947,
190141,NT024,NPK028,23/01/2019,973.33,2,1947,
190198,NT020,NPK028,30/01/2019,973.33,0.5,487,
190234,NT035,NPK028,31/01/2019,973.33,0.5,487,
190235,NT036,NPK028,31/01/2019,973.33,1,973,
190276,NT024,NPK028,16/02/2019,973.33,2,1947,
190308,NT036,NPK028,22/02/2019,973.33,1,973,
190368,NT018,NPK028,05/03/2019,973.33,0.25,243,
190369,NT027,NPK028,05/03/2019,973.33,1,973,
190413,NT036,NPK028,11/03/2019,973.33,1,973,
190463,NT018,NPK028,25/03/2019,973.33,0.5,487,
190490,NT024,NPK028,31/03/2019,973.33,1,973,
190491,NT046,NPK028,31/03/2019,973.33,2,1947,
190540,NT024,NPK028,11/04/2019,973.33,1,973,
190565,NT014,NPK028,25/04/2019,973.33,0.25,243,
190572,NT024,NPK028,30/04/2019,973.33,1,973,
190607,NT024,NPK028,12/05/2019,973.33,1,973,
190655,NT024,NPK028,26/05/2019,973.33,2,1947,
190669,NT036,NPK028,28/05/2019,973.33,1,973,
190698,NT002,NPK028,02/06/2019,973.33,0.5,487,
190711,NT024,NPK028,05/06/2019,973.33,2,1947,
190739,NT024,NPK028,11/06/2019,973.33,2,1947,
190822,NT024,NPK028,04/07/2019,973.33,1,973,
190850,NT036,NPK028,10/07/2019,973.33,2,1947,
190868,NT024,NPK028,14/07/2019,973.33,2,1947,
190899,NT024,NPK028,26/07/2019,973.33,1,973,
190906,NT014,NPK028,28/07/2019,973.33,0.25,243,
190915,KH023,NPK028,29/07/2019,973.33,1,973,
190930,NT024,NPK028,04/08/2019,973.33,1,973,
190958,NT024,NPK028,18/08/2019,973.33,1,973,
191008,NT024,NPK028,08/09/2019,973.33,1,973,
191043,NT024,NPK028,23/09/2019,973.33,0.75,730,
191087,NT024,NPK028,05/10/2019,973.33,4.5,4380,
191119,NT024,NPK028,13/10/2019,973.33,5,4867,
191152,NT035,NPK028,21/10/2019,973.33,0.5,487,
191153,NT036,NPK028,21/10/2019,973.33,1,973,
191206,NT035,NPK028,03/11/2019,973.33,0.25,243,
191214,NT024,NPK028,06/11/2019,973.33,1,973,
191224,NT014,NPK028,08/11/2019,973.33,0.25,243,
191232,NT024,NPK028,12/11/2019,973.33,1,973,
191247,NT024,NPK028,20/11/2019,973.33,2,1947,
191277,NT036,NPK028,27/11/2019,973.33,3,2920,
191281,NT046,NPK028,28/11/2019,973.33,2,1947,
191294,NT024,NPK028,01/12/2019,973.33,3,2920,
191295,KH021,NPK028,01/12/2019,973.33,10,9733,
191315,NT024,NPK028,07/12/2019,973.33,1,973,
191352,NT036,NPK028,12/12/2019,973.33,10,9733,
191353,NT024,NPK028,12/12/2019,973.33,1,973,
191354,NT038,NPK028,12/12/2019,973.33,1,973,
191411,NT024,NPK028,21/12/2019,973.33,2,1947,
191414,NT024,NPK028,22/12/2019,973.33,3,2920,
191432,NT014,NPK028,24/12/2019,973.33,0.25,243,
190068,NT039,NPK032,13/01/2019,"1,100.00",0.25,275,
190069,NT036,NPK032,13/01/2019,"1,100.00",1,1100,
190070,NT039,NPK032,13/01/2019,"1,100.00",0.25,275,
190110,KH004,NPK032,18/01/2019,"1,100.00",4,4400,
190152,NT046,NPK032,24/01/2019,"1,100.00",2,2200,
190199,NT020,NPK032,30/01/2019,"1,100.00",0.5,550,
190238,NT035,NPK032,31/01/2019,"1,100.00",0.5,550,
190239,NT036,NPK032,31/01/2019,"1,100.00",2,2200,
190240,KH001,NPK032,31/01/2019,"1,100.00",5,5500,
190241,KH001,NPK032,31/01/2019,"1,100.00",5,5500,
190262,NT014,NPK032,15/02/2019,"1,100.00",0.25,275,
190300,KH001,NPK032,21/02/2019,"1,100.00",5,5500,
190310,NT035,NPK032,22/02/2019,"1,100.00",0.5,550,
190311,NT036,NPK032,22/02/2019,"1,100.00",2,2200,
190327,NT046,NPK032,25/02/2019,"1,100.00",5,5500,
190362,NT024,NPK032,03/03/2019,"1,100.00",1,1100,
190371,NT046,NPK032,06/03/2019,"1,100.00",1,1100,
190414,NT036,NPK032,11/03/2019,"1,100.00",1,1100,
190415,NT020,NPK032,11/03/2019,"1,100.00",0.5,550,
190423,NT035,NPK032,13/03/2019,"1,100.00",0.5,550,
190527,NT024,NPK032,08/04/2019,"1,100.00",0.5,550,
190568,KH018,NPK032,27/04/2019,"1,100.00",1,1100,
190590,KH021,NPK032,07/05/2019,"1,100.00",30,33000,
190599,NT035,NPK032,10/05/2019,"1,100.00",0.5,550,
190627,NT024,NPK032,18/05/2019,"1,100.00",0.25,275,
190644,KH023,NPK032,25/05/2019,"1,100.00",2,2200,
190671,NT036,NPK032,28/05/2019,"1,100.00",2,2200,
190686,KH004,NPK032,31/05/2019,"1,100.00",0.5,550,
190687,KH009,NPK032,31/05/2019,"1,100.00",1,1100,
190688,KH004,NPK032,31/05/2019,"1,100.00",0.25,275,
190689,KH001,NPK032,31/05/2019,"1,100.00",2,2200,
190690,KH001,NPK032,31/05/2019,"1,100.00",3,3300,
190713,NT014,NPK032,05/06/2019,"1,100.00",0.5,550,
190725,NT002,NPK032,09/06/2019,"1,100.00",0.5,550,
190753,KH018,NPK032,13/06/2019,"1,100.00",2,2200,
190763,KH001,NPK032,17/06/2019,"1,100.00",5,5500,
190764,KH001,NPK032,17/06/2019,"1,100.00",5,5500,
190769,KH014,NPK032,20/06/2019,"1,100.00",1,1100,
190776,NT035,NPK032,22/06/2019,"1,100.00",0.5,550,
190808,NT014,NPK032,28/06/2019,"1,100.00",0.5,550,
190821,NT020,NPK032,30/06/2019,"1,100.00",0.5,550,
190854,NT036,NPK032,10/07/2019,"1,100.00",2,2200,
190869,NT024,NPK032,14/07/2019,"1,100.00",0.5,550,
190921,NT035,NPK032,02/08/2019,"1,100.00",0.5,550,
190941,KH023,NPK032,09/08/2019,"1,100.00",6,6600,
190966,NT035,NPK032,21/08/2019,"1,100.00",0.5,550,
190971,NT014,NPK032,24/08/2019,"1,100.00",0.25,275,
191002,NT036,NPK032,07/09/2019,"1,100.00",3,3300,
191010,NT018,NPK032,08/09/2019,"1,100.00",0.25,275,
191020,KH004,NPK032,09/09/2019,"1,100.00",1,1100,
191048,KH004,NPK032,27/09/2019,"1,100.00",2,2200,
191080,NT046,NPK032,04/10/2019,"1,100.00",2,2200,
191088,NT024,NPK032,05/10/2019,"1,100.00",2,2200,
191105,NT024,NPK032,10/10/2019,"1,100.00",1,1100,
191124,KH001,NPK032,14/10/2019,"1,100.00",5,5500,
191129,NT020,NPK032,16/10/2019,"1,100.00",1,1100,
191155,NT035,NPK032,21/10/2019,"1,100.00",1,1100,
191156,NT035,NPK032,21/10/2019,"1,100.00",0.5,550,
191165,NT024,NPK032,23/10/2019,"1,100.00",2,2200,
191182,NT024,NPK032,25/10/2019,"1,100.00",1.5,1650,
191225,NT024,NPK032,08/11/2019,"1,100.00",5,5500,
191226,NT024,NPK032,08/11/2019,"1,100.00",3,3300,
191252,NT024,NPK032,21/11/2019,"1,100.00",1,1100,
191253,NT035,NPK032,21/11/2019,"1,100.00",1,1100,
191296,NT035,NPK032,01/12/2019,"1,100.00",0.5,550,
191297,NT024,NPK032,01/12/2019,"1,100.00",1,1100,
191355,NT036,NPK032,12/12/2019,"1,100.00",5,5500,
191379,NT018,NPK032,15/12/2019,"1,100.00",1,1100,
191404,KH009,NPK032,19/12/2019,"1,100.00",1,1100,
191413,NT024,NPK032,21/12/2019,"1,100.00",3,3300,
191416,NT024,NPK032,22/12/2019,"1,100.00",2,2200,
191417,NT024,NPK032,22/12/2019,"1,100.00",1,1100,
191460,NT035,NPK032,27/12/2019,"1,100.00",1,1100,
191467,NT002,NPK032,28/12/2019,"1,100.00",0.25,275,
191472,NT024,NPK032,30/12/2019,"1,100.00",2,2200,
191473,NT024,NPK032,30/12/2019,"1,100.00",1,1100,
190028,NT036,NPK037,07/01/2019,493.33,2.75,1357,
190029,NT024,NPK037,07/01/2019,493.33,1.85,913,
190030,NT024,NPK037,07/01/2019,493.33,2,987,
190031,NT036,NPK037,07/01/2019,493.33,1,493,
190048,NT039,NPK037,09/01/2019,493.33,3,1480,
190049,NT024,NPK037,09/01/2019,493.33,2,987,
190066,NT024,NPK037,13/01/2019,493.33,1,493,
190074,NT014,NPK037,14/01/2019,493.33,3,1480,
190075,NT018,NPK037,14/01/2019,493.33,6,2960,
190076,NT018,NPK037,14/01/2019,493.33,1,493,
190105,NT018,NPK037,18/01/2019,493.33,2,987,
190106,NT024,NPK037,18/01/2019,493.33,2,987,
190107,NT024,NPK037,18/01/2019,493.33,3,1480,
190115,KH023,NPK037,19/01/2019,493.33,2,987,
190127,NT002,NPK037,20/01/2019,493.33,3,1480,
190128,NT023,NPK037,20/01/2019,493.33,5,2467,
190131,NT014,NPK037,21/01/2019,493.33,5,2467,
190139,NT024,NPK037,23/01/2019,493.33,3,1480,
190140,NT024,NPK037,23/01/2019,493.33,1,493,
190149,NT024,NPK037,24/01/2019,493.33,1,493,
190150,NT024,NPK037,24/01/2019,493.33,2,987,
190166,KH004,NPK037,26/01/2019,493.33,1,493,
190167,KH004,NPK037,26/01/2019,493.33,0.5,247,
190183,NT024,NPK037,29/01/2019,493.33,4,1973,
190184,NT024,NPK037,29/01/2019,493.33,5,2467,
190185,NT024,NPK037,29/01/2019,493.33,1,493,
190186,NT027,NPK037,29/01/2019,493.33,1,493,
190190,NT018,NPK037,30/01/2019,493.33,7,3453,
190191,NT020,NPK037,30/01/2019,493.33,1,493,
190221,NT036,NPK037,31/01/2019,493.33,5,2467,
190222,NT002,NPK037,31/01/2019,493.33,0.5,247,
190223,NT007,NPK037,31/01/2019,493.33,1,493,
190224,NT035,NPK037,31/01/2019,493.33,0.5,247,
190225,NT036,NPK037,31/01/2019,493.33,2,987,
190226,NT036,NPK037,31/01/2019,493.33,0.5,247,
190227,NT036,NPK037,31/01/2019,493.33,1,493,
190253,NT007,NPK037,14/02/2019,493.33,1,493,
190254,NT014,NPK037,14/02/2019,493.33,1,493,
190255,NT016,NPK037,14/02/2019,493.33,1,493,
190256,NT024,NPK037,14/02/2019,493.33,1,493,
190261,NT014,NPK037,15/02/2019,493.33,5,2467,
190272,NT017,NPK037,16/02/2019,493.33,0.5,247,
190273,NT017,NPK037,16/02/2019,493.33,0.5,247,
190274,NT024,NPK037,16/02/2019,493.33,2,987,
190284,NT018,NPK037,17/02/2019,493.33,6,2960,
190285,NT046,NPK037,17/02/2019,493.33,2,987,
190303,NT036,NPK037,22/02/2019,493.33,8,3947,
190304,NT036,NPK037,22/02/2019,493.33,2,987,
190305,NT036,NPK037,22/02/2019,493.33,1,493,
190314,NT018,NPK037,23/02/2019,493.33,1,493,
190356,NT007,NPK037,03/03/2019,493.33,1.5,740,
190357,NT024,NPK037,03/03/2019,493.33,3,1480,
190366,NT018,NPK037,05/03/2019,493.33,2,987,
190407,NT007,NPK037,11/03/2019,493.33,0.5,247,
190408,NT036,NPK037,11/03/2019,493.33,3,1480,
190409,NT007,NPK037,11/03/2019,493.33,1,493,
190410,NT010,NPK037,11/03/2019,493.33,3,1480,
190419,NT038,NPK037,13/03/2019,493.33,1,493,
190420,NT007,NPK037,13/03/2019,493.33,10,4933,
190421,NT010,NPK037,13/03/2019,493.33,5,2467,
190422,KH026,NPK037,13/03/2019,493.33,10,4933,
190429,NT024,NPK037,14/03/2019,493.33,1,493,
190430,NT024,NPK037,14/03/2019,493.33,2,987,
190431,NT024,NPK037,14/03/2019,493.33,1,493,
190436,NT007,NPK037,16/03/2019,493.33,1,493,
190437,NT007,NPK037,16/03/2019,493.33,1,493,
190462,NT018,NPK037,25/03/2019,493.33,3,1480,
190485,NT024,NPK037,31/03/2019,493.33,2,987,
190486,NT017,NPK037,31/03/2019,493.33,10,4933,
190487,KH026,NPK037,31/03/2019,493.33,20,9867,
190501,NT036,NPK037,03/04/2019,493.33,6,2960,
190502,NT036,NPK037,03/04/2019,493.33,3,1480,
190503,NT036,NPK037,03/04/2019,493.33,2,987,
190504,NT036,NPK037,03/04/2019,493.33,1,493,
190515,NT046,NPK037,05/04/2019,493.33,3,1480,
190518,NT024,NPK037,06/04/2019,493.33,5,2467,
190523,NT024,NPK037,08/04/2019,493.33,1,493,
190524,NT024,NPK037,08/04/2019,493.33,2,987,
190525,NT024,NPK037,08/04/2019,493.33,0.5,247,
190536,NT024,NPK037,10/04/2019,493.33,1,493,
190547,NT046,NPK037,17/04/2019,493.33,1,493,
190548,NT046,NPK037,17/04/2019,493.33,1,493,#REF!
190560,NT024,NPK037,24/04/2019,493.33,2,987,
190562,NT014,NPK037,25/04/2019,493.33,2,987,
190563,NT024,NPK037,25/04/2019,493.33,1,493,
190583,NT014,NPK037,06/05/2019,493.33,3,1480,
190584,NT014,NPK037,06/05/2019,493.33,1,493,
190585,NT024,NPK037,06/05/2019,493.33,1,493,
190597,NT035,NPK037,10/05/2019,493.33,1,493,
190606,NT018,NPK037,12/05/2019,493.33,9,4440,
190622,NT018,NPK037,18/05/2019,493.33,2,987,
190623,NT024,NPK037,18/05/2019,493.33,1,493,
190624,NT024,NPK037,18/05/2019,493.33,0.5,247,
190628,NT024,NPK037,19/05/2019,493.33,2,987,
190638,NT002,NPK037,22/05/2019,493.33,1,493,
190639,NT024,NPK037,22/05/2019,493.33,1.15,567,
190651,NT007,NPK037,26/05/2019,493.33,2,987,
190652,NT007,NPK037,26/05/2019,493.33,1,493,
190653,NT024,NPK037,26/05/2019,493.33,0.5,247,
190662,NT036,NPK037,28/05/2019,493.33,7,3453,
190663,NT036,NPK037,28/05/2019,493.33,3,1480,
190664,NT036,NPK037,28/05/2019,493.33,2,987,
190665,NT036,NPK037,28/05/2019,493.33,1,493,
190682,KH004,NPK037,31/05/2019,493.33,0.5,247,
190683,KH004,NPK037,31/05/2019,493.33,1,493,
190693,NT016,NPK037,02/06/2019,493.33,1,493,
190707,NT014,NPK037,05/06/2019,493.33,1,493,
190708,NT024,NPK037,05/06/2019,493.33,1,493,
190716,NT024,NPK037,06/06/2019,493.33,1,493,
190736,NT018,NPK037,11/06/2019,493.33,1,493,
190752,NT024,NPK037,13/06/2019,493.33,3,1480,
190766,NT014,NPK037,19/06/2019,493.33,3,1480,
190781,NT035,NPK037,23/06/2019,493.33,0.5,247,
190782,NT024,NPK037,23/06/2019,493.33,3,1480,
190806,NT018,NPK037,28/06/2019,493.33,2,987,
190819,NT024,NPK037,30/06/2019,493.33,1,493,
190820,NT024,NPK037,30/06/2019,493.33,0.5,247,
190825,NT018,NPK037,05/07/2019,493.33,5,2467,
190827,NT024,NPK037,06/07/2019,493.33,2,987,
190828,NT024,NPK037,06/07/2019,493.33,1,493,
190838,NT024,NPK037,08/07/2019,493.33,1,493,
190844,NT007,NPK037,10/07/2019,493.33,1,493,
190845,NT036,NPK037,10/07/2019,493.33,15,7400,
190846,NT018,NPK037,10/07/2019,493.33,1,493,
190847,NT036,NPK037,10/07/2019,493.33,2,987,
190861,NT018,NPK037,11/07/2019,493.33,1,493,
190877,NT035,NPK037,19/07/2019,493.33,0.5,247,
190878,NT024,NPK037,19/07/2019,493.33,2,987,
190903,NT014,NPK037,28/07/2019,493.33,1,493,
190904,NT018,NPK037,28/07/2019,493.33,4,1973,
190914,KH004,NPK037,29/07/2019,493.33,1,493,
190919,NT035,NPK037,02/08/2019,493.33,0.225,111,
190927,NT024,NPK037,04/08/2019,493.33,1,493,
190928,NT024,NPK037,04/08/2019,493.33,1,493,
190929,NT024,NPK037,04/08/2019,493.33,1,493,
190936,NT024,NPK037,08/08/2019,493.33,2,987,
190944,NT035,NPK037,12/08/2019,493.33,2,987,
190956,NT024,NPK037,18/08/2019,493.33,2,987,
190957,NT024,NPK037,18/08/2019,493.33,1,493,
190992,NT036,NPK037,07/09/2019,493.33,7,3453,
190993,NT036,NPK037,07/09/2019,493.33,4,1973,
190994,NT036,NPK037,07/09/2019,493.33,1,493,
190995,NT024,NPK037,07/09/2019,493.33,5,2467,
191007,NT024,NPK037,08/09/2019,493.33,2,987,
191031,NT024,NPK037,18/09/2019,493.33,1,493,
191042,NT024,NPK037,23/09/2019,493.33,1,493,
191058,NT024,NPK037,01/10/2019,493.33,5,2467,
191059,NT024,NPK037,01/10/2019,493.33,5,2467,
191060,NT024,NPK037,01/10/2019,493.33,4,1973,
191068,NT024,NPK037,02/10/2019,493.33,2,987,
191092,NT024,NPK037,06/10/2019,493.33,1,493,
191099,NT007,NPK037,07/10/2019,493.33,1,493,
191109,NT007,NPK037,12/10/2019,493.33,1,493,
191118,NT014,NPK037,13/10/2019,493.33,2,987,
191144,NT035,NPK037,21/10/2019,493.33,1,493,
191145,NT036,NPK037,21/10/2019,493.33,5,2467,
191146,NT036,NPK037,21/10/2019,493.33,4,1973,
191147,NT036,NPK037,21/10/2019,493.33,1,493,
191162,NT024,NPK037,23/10/2019,493.33,2,987,
191163,NT024,NPK037,23/10/2019,493.33,1,493,
191164,NT024,NPK037,23/10/2019,493.33,1,493,
191180,NT024,NPK037,25/10/2019,493.33,1.5,740,
191181,NT024,NPK037,25/10/2019,493.33,4,1973,
191185,NT007,NPK037,27/10/2019,493.33,1,493,
191186,NT014,NPK037,27/10/2019,493.33,2,987,
191187,NT018,NPK037,27/10/2019,493.33,2,987,
191188,NT014,NPK037,27/10/2019,493.33,1,493,
191202,NT035,NPK037,03/11/2019,493.33,2,987,
191231,NT024,NPK037,12/11/2019,493.33,5,2467,
191246,NT024,NPK037,20/11/2019,493.33,3,1480,
191250,NT024,NPK037,21/11/2019,493.33,2,987,
191273,NT036,NPK037,27/11/2019,493.33,8,3947,
191274,NT036,NPK037,27/11/2019,493.33,3,1480,
191305,NT014,NPK037,06/12/2019,493.33,5,2467,
191313,NT024,NPK037,07/12/2019,493.33,3.5,1727,
191314,NT024,NPK037,07/12/2019,493.33,1.5,740,
191347,NT038,NPK037,12/12/2019,493.33,1,493,
191348,NT024,NPK037,12/12/2019,493.33,1.5,740,
191349,NT036,NPK037,12/12/2019,493.33,0.45,222,
191377,NT018,NPK037,15/12/2019,493.33,3,1480,
191399,KH004,NPK037,19/12/2019,493.33,1,493,
191400,KH004,NPK037,19/12/2019,493.33,1,493,
191401,KH004,NPK037,19/12/2019,493.33,1,493,
191428,NT014,NPK037,24/12/2019,493.33,2,987,
191458,NT024,NPK037,27/12/2019,493.33,5,2467,
191459,NT024,NPK037,27/12/2019,493.33,2,987,
191464,NT017,NPK037,28/12/2019,493.33,0.5,247,
191465,NT017,NPK037,28/12/2019,493.33,1,493,
191478,NT024,NPK037,31/12/2019,493.33,2,987,
190026,NT024,ORG007,07/01/2019,160.00,2,320,
190148,NT035,ORG007,24/01/2019,160.00,2,320,
190181,NT024,ORG007,29/01/2019,160.00,1,160,
190215,NT003,ORG007,31/01/2019,160.00,2,320,
190216,NT035,ORG007,31/01/2019,160.00,2,320,
190217,NT036,ORG007,31/01/2019,160.00,2,320,
190218,NT035,ORG007,31/01/2019,160.00,2,320,
190270,NT024,ORG007,16/02/2019,160.00,1,160,
190302,NT036,ORG007,22/02/2019,160.00,3,480,
190332,NT035,ORG007,01/03/2019,160.00,1,160,
190333,NT046,ORG007,01/03/2019,160.00,1,160,
190351,NT003,ORG007,03/03/2019,160.00,1,160,
190352,NT003,ORG007,03/03/2019,160.00,4,640,
190353,NT024,ORG007,03/03/2019,160.00,1,160,
190354,NT024,ORG007,03/03/2019,160.00,2,320,
190364,NT014,ORG007,05/03/2019,160.00,1,160,
190405,NT035,ORG007,11/03/2019,160.00,2,320,
190406,NT035,ORG007,11/03/2019,160.00,1,160,
190461,NT035,ORG007,25/03/2019,160.00,1,160,
190498,NT035,ORG007,03/04/2019,160.00,2,320,
190499,NT036,ORG007,03/04/2019,160.00,3,480,
190521,NT003,ORG007,08/04/2019,160.00,1,160,
190522,NT024,ORG007,08/04/2019,160.00,1,160,
190533,NT003,ORG007,10/04/2019,160.00,2,320,
190534,NT024,ORG007,10/04/2019,160.00,1,160,
190570,NT003,ORG007,30/04/2019,160.00,1,160,
190571,NT024,ORG007,30/04/2019,160.00,1,160,
190582,NT024,ORG007,06/05/2019,160.00,2,320,
190594,NT035,ORG007,08/05/2019,160.00,2,320,
190604,NT035,ORG007,12/05/2019,160.00,1,160,
190619,NT003,ORG007,18/05/2019,160.00,2,320,
190620,NT024,ORG007,18/05/2019,160.00,1,160,
190634,NT014,ORG007,22/05/2019,160.00,1,160,
190635,NT003,ORG007,22/05/2019,160.00,2,320,
190636,NT024,ORG007,22/05/2019,160.00,0.85,136,
190714,NT035,ORG007,06/06/2019,160.00,2,320,
190715,NT017,ORG007,06/06/2019,160.00,1,160,
190721,NT024,ORG007,09/06/2019,160.00,2,320,
190733,NT035,ORG007,11/06/2019,160.00,1,160,
190774,NT003,ORG007,22/06/2019,160.00,3.5,560,
190775,NT035,ORG007,22/06/2019,160.00,2,320,
190803,NT003,ORG007,28/06/2019,160.00,1.5,240,
190804,NT014,ORG007,28/06/2019,160.00,1,160,
190824,NT035,ORG007,05/07/2019,160.00,1,160,
190834,NT024,ORG007,08/07/2019,160.00,1,160,
190835,NT024,ORG007,08/07/2019,160.00,1,160,
190836,NT024,ORG007,08/07/2019,160.00,1,160,
190839,NT035,ORG007,10/07/2019,160.00,1,160,
190840,NT036,ORG007,10/07/2019,160.00,4,640,
190841,NT036,ORG007,10/07/2019,160.00,4,640,
190859,NT003,ORG007,11/07/2019,160.00,2,320,
190862,NT035,ORG007,12/07/2019,160.00,1,160,
190875,NT035,ORG007,19/07/2019,160.00,1.5,240,
190876,NT024,ORG007,19/07/2019,160.00,2,320,
190898,NT024,ORG007,26/07/2019,160.00,3,480,
190902,NT035,ORG007,28/07/2019,160.00,1,160,
190910,KH004,ORG007,29/07/2019,160.00,0.5,80,
190911,KH004,ORG007,29/07/2019,160.00,0.5,80,
190912,KH022,ORG007,29/07/2019,160.00,2,320,
190943,NT017,ORG007,12/08/2019,160.00,1,160,
190954,NT035,ORG007,18/08/2019,160.00,0.5,80,
190955,NT035,ORG007,18/08/2019,160.00,0.5,80,
190963,NT035,ORG007,21/08/2019,160.00,1.5,240,
190964,NT035,ORG007,21/08/2019,160.00,1,160,
190976,NT003,ORG007,25/08/2019,160.00,5,800,
191004,NT035,ORG007,08/09/2019,160.00,2,320,
191005,NT024,ORG007,08/09/2019,160.00,2,320,
191065,NT024,ORG007,02/10/2019,160.00,3,480,
191066,NT024,ORG007,02/10/2019,160.00,3,480,
191071,NT003,ORG007,03/10/2019,160.00,2,320,
191077,NT046,ORG007,04/10/2019,160.00,2,320,
191084,NT035,ORG007,05/10/2019,160.00,1,160,
191089,NT024,ORG007,06/10/2019,160.00,2,320,
191090,NT024,ORG007,06/10/2019,160.00,2,320,
191108,NT017,ORG007,12/10/2019,160.00,1,160,
191127,NT003,ORG007,16/10/2019,160.00,3,480,
191128,NT035,ORG007,16/10/2019,160.00,2,320,
191132,NT017,ORG007,18/10/2019,160.00,1,160,
191133,NT017,ORG007,18/10/2019,160.00,1,160,
191140,NT035,ORG007,21/10/2019,160.00,4,640,
191141,NT035,ORG007,21/10/2019,160.00,2,320,
191142,NT036,ORG007,21/10/2019,160.00,2,320,
191200,NT024,ORG007,03/11/2019,160.00,1,160,
191266,NT003,ORG007,27/11/2019,160.00,2,320,
191267,NT035,ORG007,27/11/2019,160.00,3,480,
191268,NT046,ORG007,27/11/2019,160.00,2,320,
191269,NT036,ORG007,27/11/2019,160.00,5,800,
191282,NT003,ORG007,29/11/2019,160.00,3,480,
191283,NT035,ORG007,29/11/2019,160.00,2,320,
191303,NT014,ORG007,06/12/2019,160.00,2,320,
191312,NT024,ORG007,07/12/2019,160.00,2,320,
191455,NT035,ORG007,27/12/2019,160.00,2,320,
191086,NT035,ORG007,05/10/2019,213.33,1,213,